jobs,model_used,interface,iptm_ptm,iptm,ptm,confidence_score,pDockQ/mpDockQ,average_interface_pae,interface_average_plddt,interface_num_intf_residues,interface_polar,interface_hydrophobic,interface_charged,interface_contact_pairs,interface_score,interface_pDockQ2,interface_ipSAE,interface_LIS,interface_hb,interface_sb,interface_ss,interface_sc,interface_area,interface_solv_en,voroif_pgoodness,voroif_area,voroif_pgoodness_average,voroif_pcadscore,voroif_num_of_residues,voroif_residue_pcadscore
Q86TG7+O95751,model_4_multimer_v3_pred_0,7_8,0.6811025670098686,0.752277672290802,0.396402145886135,0.6811025670098686,0.46110293631374694,11.137333333333334,68.6071974522293,157,0.25477707006369427,0.43312101910828027,0.2356687898089172,225,161.37665046374818,0.057514677780726525,0.6843797926250574,0.5006955851217497,18,20,0,0.48745356216910973,3579.4011307239493,-39.16353104471163,4445.17280089934,3762.02412179664,1.18159072270288,0.575090497522312,189.0,0.543748648726441
Q13751+Q9UBB4,model_1_multimer_v3_pred_0,A_B,0.6811124617731182,0.7287982106208801,0.4903694663820707,0.6811124617731182,0.1370265422499177,18.800393700787403,57.67880434782609,92,0.2608695652173913,0.31521739130434784,0.32608695652173914,127,121.34488320724714,0.017913126437194855,0.5309865665466094,0.23530119988683368,7,4,0,0.2510094965232047,1858.8401383659166,-12.108499147030557,-4719.41156090167,1920.65467039664,-2.45718901666329,0.00313501401971195,122.0,0.0131652356330931
O00189+Q9UPM8,model_4_multimer_v3_pred_0,7_8,0.6669419500955565,0.690995454788208,0.5707279313249503,0.6669419500955565,0.4558831050444934,10.661428571428571,79.55448979591837,98,0.2857142857142857,0.3469387755102041,0.2653061224489796,105,160.7946834684788,0.090513133230567,0.5738060182746033,0.27016437791899267,7,4,0,0.3663655633651135,2102.3280670049407,-21.670821784991062,991.319821799606,2106.16570432282,0.470675132429022,0.292720412779994,136.0,0.447343264808855
Q00653+O14920,model_5_multimer_v3_pred_0,6_7,0.6479314719199296,0.6852854490280151,0.49851556348758763,0.6479314719199296,0.23277854696421613,22.645918367346937,62.75479166666667,96,0.3125,0.3125,0.1875,147,136.00954781767706,0.01584431141203162,0.6061813263999957,0.3583280271427088,18,0,0,0.3273610516271186,1694.5039145326011,-18.7905035641287,59.7863771680766,1846.21917588,0.032383141692578,0.166214817127836,116.0,0.311864406724674
O95900+P08559,model_3_multimer_v3_pred_0,8_9,0.6730891513261349,0.6464252471923828,0.779744767861143,0.6730891513261349,0.057851228215269584,2.9166666666666665,90.75166666666667,12,0.4166666666666667,0.3333333333333333,0.16666666666666666,12,97.93749671423204,0.6373972684190653,0.5648050147999732,0.2854625168377019,2,0,0,0.5123416536343679,268.60399621810285,0.5254300042546447,818.387119643134,249.088075,3.28553311772606,0.978315232005494,17.0,0.879756035964727
P49257+P09972,model_5_multimer_v3_pred_0,6_7,0.6327840726595153,0.6342650055885315,0.6268603409434503,0.6327840726595153,0.11865623537402151,20.047435897435896,73.87875,32,0.25,0.15625,0.46875,39,117.54586433635896,0.01784181289247772,0.22261033110302794,0.14223128621128178,3,4,0,0.27703635385590186,640.8568435944119,-0.3542135790236216,-1764.52398459519,674.224648533317,-2.6171158061837,0.00240325192982016,53.0,0.00598308870982323
O43463+O75558,model_2_multimer_v3_pred_0,9_A,0.6006054956283176,0.5972306728363037,0.6141047867963728,0.6006054956283176,0.18162055734484536,18.140641711229947,56.754260869565215,115,0.2782608695652174,0.30434782608695654,0.3217391304347826,187,128.9366911917046,0.014697663280170456,0.38328828350429384,0.239418806737509,22,18,0,0.31087464467361625,2356.0064593052593,-6.841703635306544,-1264.22344904739,2612.45285138912,-0.483922015425146,0.0777582053325502,130.0,0.338115141796472
P56945+Q92882,model_3_multimer_v3_pred_0,8_9,0.5146858085106256,0.5678517818450928,0.30202191517275684,0.5146858085106256,0.2999158382510594,15.281297709923663,67.99281553398059,103,0.23300970873786409,0.18446601941747573,0.36893203883495146,131,143.95923664091447,0.025282551248741066,0.24474142633732376,0.24081162948471765,14,20,0,0.35478079099688764,2329.9050057110107,-8.84592455045248,449.413849232754,2344.414465228,0.19169556232415,0.20633276197717,127.0,0.360189560366404
Q8NHQ8+P41743,model_1_multimer_v3_pred_0,A_B,0.5363127669653468,0.5535440444946289,0.46738765684821826,0.5363127669653468,0.2866408532616859,16.213020833333335,62.39330508474576,118,0.2542372881355932,0.2288135593220339,0.3559322033898305,192,142.46271016287542,0.020488585454234418,0.4782571041048453,0.32890407668971183,19,18,0,0.32399825878725064,2752.6555266800387,-6.365763758807475,-191.878026169688,2977.90494694832,-0.0644338988611171,0.14503858880588,157.0,0.322762223660565
Q15020+P49720,model_1_multimer_v3_pred_0,A_B,0.5502529419107113,0.5496789216995239,0.5525490227554605,0.5502529419107113,0.1336301312550727,14.916129032258064,80.91966666666667,30,0.13333333333333333,0.43333333333333335,0.3,31,120.68049114450474,0.022373205535855145,0.012325041280299764,0.03458519687801455,3,12,0,0.42057623108352804,565.4179858386395,-1.1920362961609783,1231.04231012781,557.6441431,2.20757686664532,0.882116585920637,40.0,0.741152766199189
Q96DX7+Q86WT6,model_1_multimer_v3_pred_0,A_B,0.529616502429393,0.5394449234008789,0.4903028185434491,0.529616502429393,0.6279145542111813,7.2860995850622405,77.6018407960199,201,0.23383084577114427,0.4427860696517413,0.263681592039801,241,184.84890731130108,0.14186735388060623,0.4079148264278119,0.2881237323737148,10,12,0,0.49857357747125863,4402.50103983314,-82.38302188010218,9380.25028085975,4309.64122031832,2.17657336221759,0.876636333466105,225.0,0.660508327687919
P42695+P53350,model_3_multimer_v3_pred_0,8_9,0.4986175969926306,0.49963119626045227,0.49456319992134373,0.4986175969926306,0.31825528784683493,21.51276595744681,61.56974193548387,155,0.2903225806451613,0.36129032258064514,0.25806451612903225,235,145.9860363915902,0.011806706460176123,0.05700650769831991,0.13147063298843578,21,1,0,0.2731873412232154,3163.825148894508,-28.048987054611302,-2683.54802738231,3273.29097895,-0.819831797612791,0.0459547889972817,188.0,0.253049321290327
P49257+Q9H6T3,model_5_multimer_v3_pred_0,6_7,0.4734570000608619,0.49037307500839233,0.4057927002707401,0.4734570000608619,0.43787271220621016,25.525896057347673,57.820959409594096,271,0.23985239852398524,0.3800738007380074,0.28413284132841327,558,158.81302452977272,0.009908014635994937,0.5413718524459837,0.38809676644277247,46,11,0,0.15767153479751714,5443.208974842965,-57.30308928658576,-14439.3359593954,6620.77485682391,-2.18091330269493,0.00495928454423811,312.0,0.0500563646286869
Q5HYJ3+Q8NDT2,model_4_multimer_v3_pred_0,7_8,0.4523169205217459,0.47741812467575073,0.3519121039057263,0.4523169205217459,0.16954614919348707,8.156862745098039,74.4054347826087,46,0.2826086956521739,0.21739130434782608,0.3695652173913043,51,127.05250137438264,0.14472516116523285,0.6193042429185506,0.4451443436164635,2,5,0,0.39372207409240506,1097.6833776480096,-5.9798510283782775,-318.238568332345,1067.65725318,-0.298071845982853,0.103080759006238,76.0,0.263780279176126
P35240+Q6ZNE9,model_3_multimer_v3_pred_0,8_9,0.48506982566036255,0.4734291434288025,0.5316325545866026,0.48506982566036255,0.5894820011024207,7.521270718232044,78.84819999999999,150,0.21333333333333335,0.42,0.35333333333333333,181,178.01389180700042,0.11807987558168387,0.20403808294022605,0.17377772324095508,7,16,0,0.39152695596345366,3476.8873686740117,-62.259976444842664,1448.98054205474,3375.45300787332,0.429269949448254,0.278640189384884,174.0,0.419802054566965
Q16659+Q99797,model_3_multimer_v3_pred_0,8_9,0.47920306252143596,0.4628998637199402,0.5444158577274189,0.47920306252143596,0.5609834775097283,25.61352,62.139940828402366,338,0.3165680473372781,0.3224852071005917,0.2603550295857988,625,173.73581884107344,0.009626782340012735,0.013442578809078799,0.08406391402714931,46,14,0,0.2092187292769862,6647.756054066142,-48.74445848910534,-17232.0909137792,7729.62102386327,-2.22935779911841,0.00457636680828771,373.0,0.050215494373481
Q18PE1+O15146,model_2_multimer_v3_pred_0,9_A,0.45440407493409535,0.4574942886829376,0.44204321993872614,0.45440407493409535,0.40271727232292,14.560328638497651,66.58185185185185,162,0.2962962962962963,0.30864197530864196,0.2839506172839506,213,155.0278258110316,0.03489953487409704,0.5345201326985242,0.2669977625730009,25,4,0,0.338476184444203,3196.3027140653294,-19.748602407994497,-528.811692863245,3217.46050006663,-0.16435685623873,0.125582530403683,192.0,0.30478311134229
P01375+P41273,model_1_multimer_v3_pred_0,A_B,0.47420622642390464,0.45502257347106934,0.5509408382352456,0.47420622642390464,0.24090645665418844,9.32457627118644,77.38269230769231,52,0.28846153846153844,0.40384615384615385,0.11538461538461539,59,137.033296339362,0.0643939919594268,0.27333199213015036,0.23656074089647777,1,0,0,0.3855732007211514,899.7814866197134,-10.620162742413726,-117.29558344012,903.7479003,-0.129787945732636,0.132046969783677,64.0,0.348197794245289
Q92769+Q9P270,model_5_multimer_v3_pred_0,6_7,0.45335967736779603,0.449154257774353,0.47018135574156794,0.45335967736779603,0.14723929157372267,19.62857142857143,53.076535947712415,153,0.3006535947712418,0.29411764705882354,0.30718954248366015,210,123.25535587541623,0.011782024917603027,0.02764078876733081,0.160600770210407,25,5,0,0.3284310329214587,3366.115062923408,-32.39915309243156,-3848.0123370489,3538.4513667312,-1.08748487353203,0.0299115820226741,186.0,0.206421308558404
Q5XPI4+Q6IPM2,model_2_multimer_v3_pred_0,9_A,0.47451228283360253,0.43410778045654297,0.6361302923418407,0.47451228283360253,0.1904082047636858,21.966428571428573,60.68915887850467,107,0.17757009345794392,0.411214953271028,0.2803738317757009,140,130.24670533088974,0.013194844698078668,0.029691469937509506,0.1489227291176998,9,6,0,0.23843568456785397,2690.5916379199016,-5.298516336530156,-4560.52448992453,2811.86662828,-1.62188506526505,0.0124955497539596,189.0,0.1120051994788
Q8IY18+Q96SB8,model_2_multimer_v3_pred_0,9_A,0.432931378501043,0.4304570257663727,0.44282878943972426,0.432931378501043,0.6221902785287788,5.144795539033457,75.61515021459228,233,0.3218884120171674,0.24034334763948498,0.31759656652360513,269,183.72608363663016,0.19573103463550665,0.6261125236671237,0.30374790038783683,45,39,0,0.3723815173812499,5535.322098361348,18.108699678536368,858.119659069823,5281.8876387,0.162464580424325,0.198468740092839,358.0,0.316159188872922
Q8IY31+O00471,model_2_multimer_v3_pred_0,9_A,0.4673834156904333,0.429240882396698,0.6199535488653742,0.4673834156904333,0.21189122500190113,10.924242424242424,66.78023255813955,86,0.13953488372093023,0.5930232558139535,0.2441860465116279,99,133.26898239643245,0.033420314812804,0.03739977425093451,0.17927441731147367,4,3,0,0.3698094024901799,1919.4760015259783,-37.21089531654337,-973.553570595177,1873.6676106,-0.519597801172118,0.0735998690293764,102.0,0.27442152943124
Q6NVH7+Q3MIN7,model_5_multimer_v3_pred_0,6_7,0.440743845387482,0.4203144311904907,0.522461502175447,0.440743845387482,0.19071647966029123,20.73701923076923,64.59576470588236,85,0.21176470588235294,0.32941176470588235,0.24705882352941178,104,130.29181098926418,0.01204099723758064,0.01374560451044487,0.02809523809523809,8,15,0,0.31169650606078414,1792.4460009026639,-18.416619537228257,-3163.9357948688,1745.62061130332,-1.81249910454857,0.00912565088418088,120.0,0.0437588192449996
Q15006+Q8IWX8,model_3_multimer_v3_pred_0,8_9,0.40384831304765106,0.417935311794281,0.3475003180611311,0.40384831304765106,0.16993205445716272,24.4965625,57.67126050420168,119,0.2605042016806723,0.29411764705882354,0.3445378151260504,160,127.11437770226632,0.009905682990193117,0.0,0.04934640522875817,19,11,0,0.21362159730242825,2736.2222864671776,-12.81175010291821,-6985.65387828608,2779.91552000332,-2.51290149935123,0.00285781555154463,160.0,0.00850669883451692
Q96K19+O75477,model_2_multimer_v3_pred_0,9_A,0.42613369064259615,0.4174557328224182,0.4608455219233079,0.42613369064259615,0.17645462072145918,11.531884057971014,69.68666666666667,63,0.2222222222222222,0.5238095238095238,0.12698412698412698,69,128.1432636365102,0.03709571487518524,0.24703571856167264,0.1958822257429747,3,3,0,0.4439961113386736,1213.1830523432939,-23.079538855390012,280.952523174706,1174.3348859,0.239243955491782,0.21961236643375,77.0,0.315884780676206
Q86UY6+Q76FK4,model_2_multimer_v3_pred_0,9_A,0.38977567312552025,0.408516526222229,0.31481226073868523,0.38977567312552025,0.15919702812347436,17.247802197802198,63.98418918918919,74,0.24324324324324326,0.4189189189189189,0.25675675675675674,91,125.34767507572545,0.014089060288613803,0.0,0.01666666666666666,8,8,0,0.3349674453936246,1769.0243572378174,-20.057033732446882,-886.806542219131,1719.24242274332,-0.51581238950822,0.0740311953585734,117.0,0.207571614971803
Q676U5+P55884,model_3_multimer_v3_pred_0,8_9,0.41783756366397357,0.4069507420063019,0.4613848502946602,0.41783756366397357,0.130470342653988,21.657421875,56.97013698630136,73,0.2465753424657534,0.3287671232876712,0.3561643835616438,128,120.04804062973899,0.01299268902125203,0.14605903988395705,0.20886202507544072,21,8,0,0.22045443516732194,1721.956814116233,-10.837589805242203,-2685.49917860098,1937.84862596132,-1.3858147342488,0.0184085872610565,90.0,0.198247639845698
O75528+Q6P2E9,model_5_multimer_v3_pred_0,6_7,0.4041714916589749,0.4056380093097687,0.39830542105579986,0.4041714916589749,0.21393327410832524,24.132125603864736,57.66251851851852,135,0.24444444444444444,0.37037037037037035,0.28888888888888886,207,133.54468293324925,0.011419314808724247,0.3963494390549429,0.4312934395449076,23,8,0,0.2943033128829573,2907.2722599897397,-26.312390595205045,-3390.19543456971,3193.06435284132,-1.06173727176935,0.0311822108707983,169.0,0.230906923392461
P02545+Q9BX63,model_3_multimer_v3_pred_0,8_9,0.4151798742104056,0.39809679985046387,0.48351217165017224,0.4151798742104056,0.1413495946244666,25.976724137931033,54.52630630630631,111,0.24324324324324326,0.35135135135135137,0.3783783783783784,174,122.1688746062214,0.00939893235106791,0.011340791963804086,0.04446333001799753,22,3,0,0.22986963526325987,2266.798113226352,-13.674320010722852,-4796.02921923367,2381.98061427,-2.01346274209855,0.00654532162884292,137.0,0.0303067903146232
Q86UY6+Q9UHX1,model_5_multimer_v3_pred_0,6_7,0.3981456244288406,0.3936552405357361,0.41610716000125864,0.3981456244288406,0.43234162191428865,17.98015873015873,75.32547368421052,95,0.29473684210526313,0.4,0.24210526315789474,126,158.2114062233439,0.015829279861323292,0.012591041208568177,0.06540620579915134,14,16,0,0.41381145131112235,1979.1730117610105,-18.007694927253425,86.7444744237242,1988.8735543,0.0436148764893476,0.168825348145255,117.0,0.310301588265469
O43264+Q9UFG5,model_2_multimer_v3_pred_0,9_A,0.4193461179272927,0.3916543424129486,0.5301132199846689,0.4193461179272927,0.09326061952030851,13.995882352941177,49.849381443298974,97,0.23711340206185566,0.4845360824742268,0.21649484536082475,170,111.18649907158034,0.01597489713974439,0.06736031028509025,0.2763236336191217,11,10,0,0.27482690097682205,2187.6715698188227,-35.969289359497196,-2388.47636075084,2348.14958330242,-1.01717385371664,0.0335058102512569,122.0,0.182165452778778
Q14258+Q9Y3Z3,model_1_multimer_v3_pred_0,A_B,0.41742929656710326,0.3902330994606018,0.5262140849931091,0.41742929656710326,0.5512839859670081,28.7165625,78.21053191489362,94,0.2872340425531915,0.2872340425531915,0.2872340425531915,160,172.38539624776595,0.010139089670339718,0.013683412506294502,0.07493303993715228,12,4,0,0.1436730215526661,1563.7548712245755,-7.549113273635726,-3514.88216568827,1772.66341048332,-1.98282547318441,0.00688585849422996,110.0,0.0886805626984924
P78317+Q8IZL8,model_3_multimer_v3_pred_0,8_9,0.40535631787969734,0.3777560591697693,0.5157573527194095,0.40535631787969734,0.21847279102525835,22.352234636871508,59.54724137931035,116,0.2672413793103448,0.33620689655172414,0.21551724137931033,179,134.15118322787063,0.011544784192054895,0.11392978360314028,0.18100949282508821,27,3,0,0.29653885374999045,2029.923087887781,-14.225588470368436,-2302.06311556343,2066.37731902332,-1.11405748329231,0.0286529020162981,146.0,0.186010755528169
P50542+Q49A88,model_4_multimer_v3_pred_0,7_8,0.3533438297705064,0.3568151891231537,0.33945839235991704,0.3533438297705064,0.1021415034372762,23.082254196642683,43.355241935483875,248,0.29838709677419356,0.35080645161290325,0.24596774193548387,417,113.59663256727154,0.009481942391902809,0.018594415382083174,0.1281700041715043,39,4,0,0.19790226718299755,5216.61207211607,-37.312850617328195,-13623.8542347486,6070.99759770137,-2.24408822693438,0.00446587734230353,303.0,0.0330840610787023
Q96PC5+Q9Y4K3,model_3_multimer_v3_pred_0,8_9,0.33997708410610594,0.3513892889022827,0.2943282649213988,0.33997708410610594,0.4570562503521698,21.873691460055095,62.86367924528302,212,0.28773584905660377,0.37735849056603776,0.2641509433962264,363,160.92514897414517,0.013342302244126945,0.09232388409456972,0.2281545510515328,24,14,0,0.3290360696458591,4234.312074800447,-47.393887542647064,-5340.54910680373,4670.91462568327,-1.14336260342641,0.0273243878573363,238.0,0.209772452584913
P24539+Q9UII2,model_5_multimer_v3_pred_0,6_7,0.3495075461512892,0.351004958152771,0.3435178981453621,0.3495075461512892,0.18632895232589594,7.575,74.159375,48,0.20833333333333334,0.3958333333333333,0.375,56,129.64453146526293,0.08735382510489806,0.07445196690253483,0.22064062219725783,2,6,0,0.4856000414206766,1345.7908931784054,-15.573267408932594,2252.85164571891,1286.22901786,1.75151673180811,0.777737143642073,64.0,0.509894460488622
Q96EP0+Q01804,model_4_multimer_v3_pred_0,7_8,0.3327116177069487,0.3404847979545593,0.30161889671650594,0.3327116177069487,0.17874663209102915,22.39617414248021,49.83152941176471,255,0.27058823529411763,0.32941176470588235,0.21568627450980393,379,128.49753563385372,0.011463407415583524,0.27737311660564795,0.2303348350697098,40,12,0,0.3123162581563258,5746.308470932463,-45.83359115426083,-7730.63522937216,5978.19923995132,-1.29313776926497,0.0214175098305392,355.0,0.144335636014473
P51955+Q5T7B8,model_4_multimer_v3_pred_0,7_8,0.3425091210097473,0.3399307131767273,0.3528227523418273,0.3425091210097473,0.05306540564378781,26.96331168831169,43.584999999999994,114,0.22807017543859648,0.30701754385964913,0.38596491228070173,154,95.34309061765723,0.008668019645315333,0.0,0.04708333333333332,19,5,0,0.13734324807342804,2674.0408717708606,-14.427569755524814,-6285.09863096489,2795.44726940664,-2.2483338175429,0.00443452804172184,156.0,0.0584062509678078
Q15170+Q9Y4C1,model_3_multimer_v3_pred_0,8_9,0.3712704407175195,0.3364523649215698,0.5105427439013183,0.3712704407175195,0.2543148268469072,21.90282738095238,54.892947368421055,190,0.18421052631578946,0.34210526315789475,0.3368421052631579,336,138.6782089885356,0.010479726934553348,0.012865708022287396,0.059697190279620616,24,10,0,0.21264717031249925,3867.217428229935,-31.34006008274821,-8370.54909370981,4334.32307150235,-1.93122408173612,0.0074996317105277,216.0,0.0827146877588477
Q99440+Q99871,model_4_multimer_v3_pred_0,7_8,0.34161956572597796,0.3259105384349823,0.40445567488996054,0.34161956572597796,0.056103728661888175,15.37914110429448,43.85980198019802,101,0.3069306930693069,0.48514851485148514,0.13861386138613863,163,97.02611027220622,0.012020254367044346,0.014039544666031207,0.11933854861269232,2,0,0,0.29172566818213064,1686.9690921144079,-29.54744763292789,-2948.65160247135,1822.09751849,-1.61827321125762,0.0125700484088002,107.0,0.0380891391713862
Q8IY31+Q9NYP9,model_1_multimer_v3_pred_0,A_B,0.3420914470289491,0.32249775528907776,0.42046621398843437,0.3420914470289491,0.12879678378920834,13.75546875,66.27644067796611,59,0.22033898305084745,0.5254237288135594,0.23728813559322035,64,119.70717989947346,0.02076615616842828,0.01441478409348247,0.08958554572565802,8,5,0,0.34508942343777765,1448.546912114383,-22.821253191698503,306.305912785896,1397.11498873332,0.219241734041953,0.213952402257121,79.0,0.404484551388872
Q8TEA7+Q9ULJ8,model_3_multimer_v3_pred_0,8_9,0.3567593973759128,0.31775087118148804,0.5127935021536117,0.3567593973759128,0.03563126742190023,26.817622950819672,39.13061728395061,81,0.30864197530864196,0.2345679012345679,0.38271604938271603,122,81.64054805074159,0.008274991809642751,0.0,0.0,11,6,0,0.15747657683096405,2129.3756163493686,-15.858364976857843,-5244.30275019676,2435.22554646664,-2.15351828819549,0.0051897638122812,131.0,0.0213926474118609
P13569+O75477,model_1_multimer_v3_pred_0,A_B,0.39572656616587953,0.31543445587158203,0.7168950073430693,0.39572656616587953,0.02178025222500959,21.79375,57.19692307692307,13,0.15384615384615385,0.38461538461538464,0.38461538461538464,8,51.653968517517654,0.01016329092991413,0.0,0.0,0,7,0,0.4099784565205766,353.8812344309462,5.738235193934031,-804.262609538,349.97299,-2.29807051549321,0.00408319403335905,26.0,0.0188565749193692
O94972+Q6UWP8,model_4_multimer_v3_pred_0,7_8,0.3168021588976447,0.3150353729724884,0.32386930259826974,0.3168021588976447,0.03442991602890329,23.994615384615386,37.96258426966292,89,0.24719101123595505,0.29213483146067415,0.3595505617977528,130,80.25075265324203,0.010154789059685022,0.2275961980222625,0.26549437219056404,15,5,0,0.22081444856077515,2220.192858714163,-11.89466837430399,-2982.64578973324,2359.29651700559,-1.26420980501374,0.0224516639816812,117.0,0.184469691417526
Q01804+Q9UPR3,model_1_multimer_v3_pred_0,A_B,0.33235949091470635,0.3150063157081604,0.4017721917408901,0.33235949091470635,0.0631182002732194,24.14039145907473,41.031168831168834,231,0.3333333333333333,0.2987012987012987,0.24675324675324675,281,100.47328242997546,0.009196908667953863,0.01759048501662891,0.10737739389233955,33,7,0,0.19381854118282968,5146.635091497917,-41.330692771508666,-10193.7411755045,5262.31367704427,-1.93712154027847,0.00742682297234687,308.0,0.0528539896283692
Q5XPI4+Q5T4F4,model_4_multimer_v3_pred_0,7_8,0.3882907090818245,0.3114355206489563,0.6957114628132972,0.3882907090818245,0.13100116397933767,20.531739130434783,58.30805825242719,103,0.2912621359223301,0.3300970873786408,0.21359223300970873,115,120.1552897159893,0.01103930093278498,0.01206734887397766,0.06160201149425289,14,3,0,0.28616108205203317,2130.1444871697604,-11.60844307164166,-2677.03205769619,2054.4232587,-1.30305770554319,0.0210737212904611,145.0,0.0472876887584542
Q96K80+O75400,model_1_multimer_v3_pred_0,A_B,0.3196095133598127,0.3087339401245117,0.36311180630101647,0.3196095133598127,0.12734730689842197,18.85412844036697,58.60752941176471,85,0.23529411764705882,0.35294117647058826,0.3176470588235294,109,119.40853340236387,0.015272618516897842,0.14020184990122533,0.20808432253419318,9,15,0,0.2602550299768679,2291.0046038491655,-7.409345665822627,-2633.3887124648,2229.74665584332,-1.18102597241874,0.0257046323443242,131.0,0.171080806446377
Q13033+Q14BN4,model_1_multimer_v3_pred_0,A_B,0.3176880910428826,0.3071253299713135,0.35993913532915894,0.3176880910428826,0.1436636394446379,21.79265060240964,46.828984375,256,0.2578125,0.35546875,0.33203125,415,122.60053341392906,0.010591881532875505,0.039445517670634284,0.1995023876706848,45,16,0,0.2722353778722175,5818.704194654227,-45.68895889505802,-9084.31979916955,6168.4015194899,-1.47271862417944,0.0159660201276666,315.0,0.118271103598255
O75791+Q9ULH1,model_2_multimer_v3_pred_0,9_A,0.30936019007759646,0.3069022297859192,0.31919203124430556,0.30936019007759646,0.09964393276720013,22.29478260869565,54.80776595744681,94,0.2978723404255319,0.22340425531914893,0.2978723404255319,115,112.94224494311685,0.010412643103700749,0.01542549937511926,0.10102961731251206,9,6,0,0.27763298756848853,1879.9723364903994,-12.120260174694806,-1966.57738067389,1820.1889765,-1.08042483833485,0.0302549107990224,120.0,0.239788761156102
O14976+Q13470,model_4_multimer_v3_pred_0,7_8,0.31326602413332844,0.3034227192401886,0.3526392437058877,0.31326602413332844,0.3566881663676312,23.961979166666666,61.04383419689119,193,0.21761658031088082,0.33678756476683935,0.27979274611398963,288,150.13074724785423,0.010513172728821279,0.02493694810652313,0.09488824315930615,27,17,0,0.19467909115583962,3574.859817083402,-24.24362541239566,-8993.23159207184,4062.67244363663,-2.21362458254737,0.00469738446133766,224.0,0.0422818365699997
P07949+P49757,model_3_multimer_v3_pred_0,8_9,0.32489881468345744,0.30117955803871155,0.41977584126244094,0.32489881468345744,0.060317491237737594,26.25170068027211,40.17331775700934,214,0.26635514018691586,0.3177570093457944,0.27102803738317754,294,99.16170163931332,0.008776868059330192,0.08027462637196216,0.1597147740232448,27,9,0,0.1851352510206274,4844.9721155177285,-34.850628352232775,-9450.22084207586,5134.98561065817,-1.84035975143942,0.00871520287520816,288.0,0.0996851678286537
O14641+Q13501,model_3_multimer_v3_pred_0,8_9,0.29434546667301775,0.30063483119010925,0.26918800860465164,0.29434546667301775,0.08784197378424766,23.17827868852459,45.90351351351351,185,0.23243243243243245,0.2972972972972973,0.31891891891891894,244,109.58958115536453,0.009302166482207375,0.012938283207073076,0.06448088739217771,25,22,0,0.3047915542934806,3805.9836569401077,-28.838520609023703,-3174.65439983128,3811.87363175863,-0.832833064921576,0.0450140581762775,235.0,0.19938522832098
Q99558+Q14974,model_1_multimer_v3_pred_0,A_B,0.33432748004599555,0.2911866307258606,0.5068908773265353,0.33432748004599555,0.6258887791879733,25.820848484848486,63.24339534883721,430,0.28604651162790695,0.3302325581395349,0.27906976744186046,825,184.44645008482024,0.009459206417419503,0.0,0.006249999999999978,52,29,0,0.18439720310577257,7865.112537913506,-49.20109727595559,-22112.2973914648,9693.57915315333,-2.28112826460716,0.00419964368316639,483.0,0.0515948759166345
Q86UY6+Q9NRZ9,model_3_multimer_v3_pred_0,8_9,0.3345653162810809,0.28939276933670044,0.5152555040586027,0.3345653162810809,0.06195786639187355,27.495238095238093,61.567499999999995,40,0.325,0.35,0.3,42,99.93940068657274,0.008997023914953753,0.0,0.0,2,4,0,0.22567717875706994,1152.3272592511603,2.860182654661969,-2740.9125725757,1108.15447226332,-2.47340297871794,0.00305168520225751,80.0,0.0101908692590553
P57078+Q00688,model_2_multimer_v3_pred_0,9_A,0.3139280409797723,0.28111815452575684,0.44516758679583407,0.3139280409797723,0.16101654807309138,24.478488372093025,64.95432432432432,74,0.2972972972972973,0.22972972972972974,0.40540540540540543,86,125.65403980697779,0.010189716171920259,0.0,0.009722222222222217,13,12,0,0.27284472341071153,1677.3544264001357,6.153962399819193,-3727.03288313166,1694.66921949,-2.19926864798624,0.00481058487658415,120.0,0.0192878505867501
Q8NA56+Q70UQ0,model_1_multimer_v3_pred_0,A_B,0.32187922688388104,0.28090864419937134,0.48576155762191986,0.32187922688388104,0.06059887933260895,26.932333333333332,45.63094117647059,85,0.27058823529411763,0.32941176470588235,0.35294117647058826,150,99.29709223660163,0.008559309243001328,0.0,0.0,15,2,0,0.17611951735579068,1753.443160468506,-16.105886779720322,-3801.53085826742,1981.84603537032,-1.91817668498001,0.00766323883162695,104.0,0.129107523515739
P57081+Q96PK6,model_1_multimer_v3_pred_0,A_B,0.30377391613219523,0.27613380551338196,0.41433435860744827,0.30377391613219523,0.053572470483210344,18.81111111111111,57.84697674418605,43,0.20930232558139536,0.13953488372093023,0.4418604651162791,45,95.63334583755967,0.011507471150081178,0.0,0.0,6,4,0,0.239568241425172,861.796313357288,-3.0745341133397233,-1635.86100046152,836.472751309,-1.95566561839767,0.00720242251470776,65.0,0.0118154298323615
O43752+Q8N5G2,model_4_multimer_v3_pred_0,7_8,0.2743277696673924,0.27537089586257935,0.27015526488664465,0.2743277696673924,0.26663184736685497,17.823076923076922,58.03261780104712,191,0.28272251308900526,0.46596858638743455,0.225130890052356,260,140.14722530250563,0.013536497560638135,0.016217091017706915,0.11991876425910637,18,8,0,0.2666572333542373,4509.012205378001,-64.75437586969161,-3472.57116447677,4751.35117919995,-0.730859714112205,0.052911782887228,224.0,0.268163922758904
O60508+Q15393,model_4_multimer_v3_pred_0,7_8,0.3586758873187347,0.2723463177680969,0.7039941655212856,0.3586758873187347,0.04175066823406929,24.97083333333333,81.11466666666666,15,0.2,0.4666666666666667,0.2,12,87.53742704607107,0.010344279649949509,0.0,0.0,0,3,0,0.2849976397731027,496.0947078541408,-2.5038471608129385,-746.127696254289,457.621024,-1.63044890230893,0.0123206485426022,39.0,0.0219026726873635
O60763+Q8WVM8,model_1_multimer_v3_pred_0,A_B,0.311358068867971,0.27210384607315063,0.46837496004725254,0.311358068867971,0.1850663174165733,25.82406015037594,60.953452380952385,84,0.23809523809523808,0.27380952380952384,0.36904761904761907,133,129.45608986189484,0.009576230332331025,0.0,0.022200520833333327,13,4,0,0.20645462851276472,1552.552093036134,-5.83622628184537,-4039.23920571491,1652.00821783332,-2.44504788905503,0.00319889288639591,102.0,0.0061699586322331
P60468+Q9NZJ5,model_2_multimer_v3_pred_0,9_A,0.2871762629248394,0.2720968723297119,0.34749382530534917,0.2871762629248394,0.026577145284993782,24.329166666666666,40.17177777777778,45,0.3333333333333333,0.4222222222222222,0.17777777777777778,48,67.53844937868823,0.00889294980050694,0.0,0.035462962962962974,6,0,0,0.17187241789719637,895.6034835236376,-9.098628445848334,-1797.34116124794,854.5333536,-2.10330135585236,0.00564025978964078,54.0,0.0481182662167434
O43663+Q13242,model_1_multimer_v3_pred_0,A_B,0.30331525300548556,0.2719964385032654,0.4285905110143662,0.30331525300548556,0.03424591293377255,19.615000000000002,80.02916666666667,12,0.16666666666666666,0.08333333333333333,0.6666666666666666,10,80.02916666666667,0.01607514127153366,0.0,0.016666666666666642,5,6,0,0.24425325563091643,505.1369500097534,4.624741924328163,-727.966020347323,489.7782224,-1.48631765777613,0.015613806119852,34.0,0.0264318679213347
O60566+Q16610,model_2_multimer_v3_pred_0,9_A,0.2848986716217467,0.27171826362609863,0.33762030360433887,0.2848986716217467,0.2304790831735332,23.389111111111113,57.697863247863246,117,0.3076923076923077,0.28205128205128205,0.3333333333333333,225,135.71590526400402,0.009732423016821503,0.0,0.014950980392156869,27,14,0,0.09924710528504793,2200.232621011297,-12.011389660236546,-6410.14628772162,2686.98374573332,-2.38562897818058,0.00353072538818577,128.0,0.0463842495051056
P19021+Q92574,model_4_multimer_v3_pred_0,7_8,0.2787987441532815,0.2701455354690552,0.3134115788901867,0.2787987441532815,0.054686287463575636,26.063815789473683,44.11745614035088,114,0.24561403508771928,0.30701754385964913,0.3157894736842105,152,96.2573887962593,0.008828102038770307,0.015065686719474782,0.09729936305732484,12,0,0,0.2016787712731535,2665.8013454618194,-21.969873286487655,-4549.34475600895,2701.87162602395,-1.68377531789092,0.0112846970381986,148.0,0.131246410521398
Q4G0J3+Q96GA3,model_3_multimer_v3_pred_0,8_9,0.2927884225933186,0.26754480600357056,0.39376288895231076,0.2927884225933186,0.09396266479210126,19.932718894009216,47.67292857142857,140,0.21428571428571427,0.34285714285714286,0.32142857142857145,217,111.38587800177996,0.0105208790040425,0.014718472001344414,0.046671410499683715,26,11,0,0.2956906995222991,3076.344904949805,-18.034564344789885,-3307.3599238577,3180.20555506472,-1.03998306606014,0.0322963467557733,184.0,0.139350932379515
P55072+Q6UXN9,model_5_multimer_v3_pred_0,6_7,0.2993259465372117,0.2616819441318512,0.4499019561586535,0.2993259465372117,0.4036303686568701,24.287614678899082,76.13783333333335,60,0.3,0.31666666666666665,0.25,109,155.12523912912025,0.010410070740597063,0.0,0.0,16,1,0,0.24143437412759677,1064.0037522630216,2.559166380510135,-3121.98822873216,1260.41765043663,-2.47694740521179,0.00303376541843803,71.0,0.00580120022370948
P43034+Q15555,model_3_multimer_v3_pred_0,8_9,0.3050622190139318,0.2558787167072296,0.5017962282407407,0.3050622190139318,0.3063245066902377,10.20763358778626,68.32961165048543,103,0.3106796116504854,0.4077669902912621,0.2524271844660194,131,144.6723253908785,0.05429964021391299,0.19319548962929056,0.33775733271691744,11,10,0,0.4807995966504385,2430.5376389652147,-36.894261872362335,3442.39128169427,2432.35626718,1.41524961953262,0.66643007330549,126.0,0.644475206615155
Q27J81+Q9UL15,model_1_multimer_v3_pred_0,A_B,0.2705602071121087,0.2554490268230438,0.33100492826836814,0.2705602071121087,0.5377703833960653,26.417148760330576,71.55557251908398,131,0.2366412213740458,0.3969465648854962,0.2900763358778626,242,170.57527329251946,0.00955743230719098,0.0,0.0,26,8,0,0.26619460177327575,2275.1972040992514,-1.1691001780976649,-7185.90178637136,2704.45111879332,-2.65706476868311,0.00224879833563441,146.0,0.00345507540793337
Q96JK2+P61758,model_4_multimer_v3_pred_0,7_8,0.29043835154719944,0.2549399137496948,0.4324321027372178,0.29043835154719944,0.27511480040950403,23.908837209302323,60.51121212121212,132,0.3484848484848485,0.32575757575757575,0.25,215,141.13867840762651,0.010004222502474371,0.01565272638416025,0.10730448259418215,14,12,0,0.08656951097837828,2265.491561564211,-22.876397448698384,-5972.23618928283,2618.30859272032,-2.28095198781665,0.0042008725133445,141.0,0.0545486643619886
O14544+Q86XK2,model_4_multimer_v3_pred_0,7_8,0.3171692684896571,0.25461921095848083,0.567369498614362,0.3171692684896571,0.20551958970605683,22.955555555555556,58.705384615384624,143,0.34965034965034963,0.2727272727272727,0.25874125874125875,180,132.39663982459157,0.009826487174068104,0.0,0.0,24,14,0,0.2546235247824353,2850.7642929646813,-17.97792106566368,-5446.50905333235,2923.238568137,-1.86317638002548,0.00839273535477786,181.0,0.061383288637581
O15294+P60228,model_1_multimer_v3_pred_0,A_B,0.33560698229173025,0.25299519300460815,0.6660541394402186,0.33560698229173025,0.2513550361246415,24.58588235294118,71.68970149253731,67,0.26865671641791045,0.3582089552238806,0.26865671641791045,85,138.31946683850967,0.01007060162862833,0.0,0.0,3,4,0,0.27080537320599707,1351.0860267217859,-12.57376821575275,-3245.04785145461,1441.23823209332,-2.25156936528208,0.00441078405212247,88.0,0.0192369698318805
Q86V48+P04792,model_4_multimer_v3_pred_0,7_8,0.23981784141119908,0.2482268214225769,0.20618192136568778,0.23981784141119908,0.03486537744560081,20.72073170731707,50.07840909090908,44,0.22727272727272727,0.29545454545454547,0.38636363636363635,41,80.76564975202501,0.010197471280994897,0.0,0.0,3,3,0,0.25002921262531913,951.5910335439999,-5.695192968527266,-1521.12838517037,909.538428833318,-1.67241793963731,0.0114978597387349,60.0,0.0208524849676211
Q32MZ4+P35250,model_2_multimer_v3_pred_0,9_A,0.2666196017451089,0.24505102634429932,0.3528939033483472,0.2666196017451089,0.04895919164003951,17.80952380952381,70.21052631578948,19,0.10526315789473684,0.21052631578947367,0.631578947368421,21,92.83371258816045,0.0133701814121884,0.0,0.0,2,7,0,0.20930751610894593,483.1503259177814,2.823663686930047,-934.810770557775,461.75979151,-2.02445251350459,0.00642729043638318,37.0,0.0162029338132047
P41279+Q9Y4K3,model_1_multimer_v3_pred_0,A_B,0.28140665251068886,0.24500790238380432,0.4270016530182269,0.28140665251068886,0.07613378078810995,15.978703703703705,61.025277777777774,36,0.3055555555555556,0.3333333333333333,0.3055555555555556,54,105.7198104136855,0.014983318428225048,0.0,0.017952674897119342,3,5,0,0.23604831008203273,910.6482187362378,-6.562025797630724,-2449.90589287761,940.6392905,-2.60451154615852,0.00245414608277289,60.0,0.00394369580499844
Q8NFZ5+Q96BD8,model_2_multimer_v3_pred_0,9_A,0.24547800618579507,0.24306359887123108,0.25513563544405093,0.24547800618579507,0.08193077638827877,21.194086021505377,54.72027397260274,73,0.1917808219178082,0.4246575342465753,0.3150684931506849,93,107.71592625526819,0.01185720015752492,0.01563951503388175,0.13857762196228704,9,7,0,0.20858498422235316,1940.411368551218,-14.734688075678179,-3505.07206352181,1934.45394045332,-1.81191807684004,0.00913441149701816,110.0,0.069239171997017
P53041+Q99683,model_4_multimer_v3_pred_0,7_8,0.2666601153372148,0.24290411174297333,0.3616841297141805,0.2666601153372148,0.36507275561099656,27.03993710691824,60.35105633802817,142,0.2535211267605634,0.3591549295774648,0.2746478873239437,318,151.02412009999009,0.008993944460186193,0.0,0.0,32,0,0,0.22211654328355906,2614.3666253993815,-6.3641942726773095,-9274.03557999438,3451.62627070432,-2.68685971558038,0.00214008747766287,169.0,0.00349227861797029
Q13263+P53621,model_2_multimer_v3_pred_0,9_A,0.2759624084460074,0.2416408658027649,0.41324857901897727,0.2759624084460074,0.044718561289334366,23.304761904761904,67.97925925925927,27,0.18518518518518517,0.25925925925925924,0.5185185185185185,21,89.88348823431204,0.010166607653473471,0.0,0.0,3,9,0,0.28906840241532394,676.6847016415755,3.2453585724406366,-1339.9164655824,666.4378611,-2.01056474098092,0.00657680359375945,56.0,0.0105952682094543
P12821+P68400,model_5_multimer_v3_pred_0,6_7,0.3229184351243549,0.24123737215995789,0.6496426869819429,0.3229184351243549,0.6926567047940384,27.223712737127368,79.04367346938776,196,0.24489795918367346,0.42346938775510207,0.1836734693877551,369,202.90719387398576,0.009781215677216671,0.0,0.0,29,1,0,0.1099881929802694,2510.6365030542124,-34.85159202737543,-9292.0394444578,3418.12638362664,-2.71845988169663,0.00203051521899361,202.0,0.00511869215403127
P25786+Q9P2A4,model_2_multimer_v3_pred_0,9_A,0.27781637715947927,0.23960429430007935,0.43066470859707884,0.27781637715947927,0.07032284522663883,25.46923076923077,73.16565217391305,23,0.43478260869565216,0.21739130434782608,0.13043478260869565,26,103.5274478129901,0.01003680824693064,0.0,0.0,3,1,0,0.2931401777736039,513.9340884783339,-2.0908019923944323,-701.14744479197,487.9278554,-1.43698999151662,0.0169290537866283,37.0,0.102868400264862
P32971+P51956,model_4_multimer_v3_pred_0,7_8,0.28422711964264485,0.23493409156799316,0.4813992319412516,0.28422711964264485,0.08373722436781011,21.021515151515153,48.84115789473684,95,0.3263157894736842,0.37894736842105264,0.23157894736842105,165,108.30448344839522,0.009713714735075842,0.0,0.0,3,2,0,0.23719122160625322,1510.0494009089507,-14.429330292406178,-1445.37278034019,1752.47568163332,-0.82476053476137,0.0455959787018954,107.0,0.16154448809137
O75069+Q3B820,model_3_multimer_v3_pred_0,8_9,0.23675433508607574,0.23425155878067017,0.24676544030769798,0.23675433508607574,0.1314375666431194,21.992934782608696,49.26162790697674,172,0.2616279069767442,0.38372093023255816,0.313953488372093,276,120.24315495545692,0.010388145688548366,0.0888117751326911,0.21009183806265536,33,11,0,0.1986416364085254,4599.868311822081,-61.18786240583523,-9081.49732563043,5156.23443077591,-1.76126540551102,0.00993104375970433,233.0,0.0741360444672685
P04629+Q92974,model_1_multimer_v3_pred_0,A_B,0.25627582724742587,0.23235242068767548,0.35196945348642733,0.25627582724742587,0.32719452390065296,26.527884615384615,57.381659919028344,247,0.291497975708502,0.3117408906882591,0.2874493927125506,364,146.96024861470306,0.008957912756762432,0.0,0.0,43,7,0,0.23712969254383362,4708.365302780191,-28.541002149954693,-11243.8265850033,5072.48989781004,-2.21662867970573,0.00467403389600118,290.0,0.0272862906097346
Q96GG9+Q16531,model_3_multimer_v3_pred_0,8_9,0.3336176437222654,0.23184752464294434,0.7406981200395494,0.3336176437222654,0.29832398349166045,25.085500000000003,71.89060975609756,82,0.2682926829268293,0.2682926829268293,0.35365853658536583,100,143.78121951219512,0.01009590167294332,0.0,0.0,9,4,0,0.2279890324352979,1728.3014419565875,-5.05511716737459,-4463.70800377836,1769.7654197,-2.5222031994133,0.00281397667555422,110.0,0.00554951838649156
Q8TB24+Q4G0F5,model_2_multimer_v3_pred_0,9_A,0.2554581628146782,0.23093080520629883,0.3535675932481956,0.2554581628146782,0.10639799153762468,22.589147286821706,54.33268817204301,93,0.27956989247311825,0.3870967741935484,0.24731182795698925,129,114.67401258881168,0.009634938650316366,0.0,0.0,8,1,0,0.2521829053423915,2030.3061842568113,-11.982095807742041,-5214.70466632136,2143.5520277,-2.43273995635957,0.0032649736852266,140.0,0.00723987253936122
Q86YT6+Q15050,model_3_multimer_v3_pred_0,8_9,0.25461484503838394,0.23068328201770782,0.35034109712108835,0.25461484503838394,0.029063568161348023,14.072727272727274,69.619,10,0.1,0.3,0.4,11,72.50071734803048,0.018308586356770816,0.0,0.01250000000000003,1,2,0,0.29436752971660063,224.08837686236626,1.3258956851762491,-402.217565227537,208.364917,-1.93035166869064,0.00751046231135732,18.0,0.0226675857184408
Q86VM9+O14654,model_2_multimer_v3_pred_0,9_A,0.24418548745374813,0.22906216979026794,0.30467875810766876,0.24418548745374813,0.03710852894451957,25.437404580152673,34.415948717948716,195,0.24102564102564103,0.24102564102564103,0.3282051282051282,262,83.22813322660951,0.008551811418476801,0.011579207474709722,0.05575551232166019,30,19,0,0.17465862424577194,4947.778402501162,3.492860685832909,-10016.8108218674,4993.17891384996,-2.006098919084,0.00662561206630657,319.0,0.0244371135351528
O00212+Q9HAD4,model_2_multimer_v3_pred_0,9_A,0.30581596155640894,0.22604380548000336,0.6249045858620312,0.30581596155640894,0.17768430008611508,21.273076923076925,70.7887037037037,54,0.16666666666666666,0.3333333333333333,0.35185185185185186,65,128.333786443878,0.011407340004339872,0.0,0.0,4,1,0,0.3063144295821097,892.1640761177616,-10.966267122946874,-1413.83154346993,929.903031754,-1.52040749969719,0.0147641491709918,62.0,0.0270544928862384
Q6P4A8+Q96EP0,model_1_multimer_v3_pred_0,A_B,0.2708205142107325,0.22571569681167603,0.4512397838069583,0.2708205142107325,0.16280909930517698,24.96193181818182,64.77455696202531,79,0.21518987341772153,0.34177215189873417,0.3037974683544304,88,125.9530036088623,0.009823094840685312,0.0,0.0,6,0,0,0.38877672600127555,1560.7025756398416,-14.21862551265474,-3519.2553116402,1541.8126406,-2.28254407764531,0.00418978698679823,101.0,0.0121970144115138
Q15287+Q9UPV0,model_4_multimer_v3_pred_0,7_8,0.22416251852534788,0.22537270188331604,0.2193217850934752,0.22416251852534788,0.06018624379320571,22.322307692307692,46.8783908045977,87,0.22988505747126436,0.22988505747126436,0.367816091954023,130,99.09826260822126,0.009769460403707722,0.0,0.021286231884057972,10,3,0,0.23741587036741446,1691.0427679538648,-10.324877677878959,-4065.65731912286,1798.77293963332,-2.26023931622612,0.00434778197478392,104.0,0.0116103430366617
Q8TAP6+P83731,model_5_multimer_v3_pred_0,6_7,0.3211433331556064,0.2244083434343338,0.7080832920406966,0.3211433331556064,0.23386212161372485,21.441666666666666,66.95470588235294,68,0.2647058823529412,0.36764705882352944,0.22058823529411764,108,136.14728948281828,0.011236264188990673,0.0,0.0,4,0,0,0.22294630817953634,1087.0541456523315,-8.286543759784777,-3632.91840415842,1323.55009505732,-2.74482878866862,0.0019433799390835,81.0,0.00326279411088204
Q96EP0+Q14677,model_4_multimer_v3_pred_0,7_8,0.23493218953496836,0.22164151072502136,0.28809490477475636,0.23493218953496836,0.08952441091760462,27.39986945169713,42.62036199095023,221,0.2579185520361991,0.3755656108597285,0.24434389140271492,383,110.09686684112152,0.008390874514131385,0.0,0.0,34,1,0,0.113199274898805,3834.1767797829425,-40.07584735778903,-12109.0472932933,4549.20550897427,-2.66179386035774,0.00223118277256668,237.0,0.00639337468883749
O95235+Q16576,model_1_multimer_v3_pred_0,A_B,0.2606210632270286,0.22156283259391785,0.41685398575947163,0.2606210632270286,0.12395832615672263,24.81954022988506,52.97689655172414,116,0.2413793103448276,0.25862068965517243,0.3620689655172414,174,118.69734574531059,0.009007596731670505,0.0,0.0,14,11,0,0.1719194974717821,2453.7938588965085,-10.56569008662052,-6778.71599647827,2685.08245342364,-2.52458392398156,0.00280286452566336,144.0,0.005180709671472
Q13263+P18074,model_2_multimer_v3_pred_0,9_A,0.283001789651778,0.22141556441783905,0.5293466905875338,0.283001789651778,0.2853822924490298,27.395736434108528,67.43107142857143,84,0.2261904761904762,0.39285714285714285,0.2857142857142857,129,142.31932551159653,0.009122067567178064,0.0,0.0,12,4,0,0.22364008332788615,1600.444582709686,-6.847260397072773,-4440.14840521474,1907.55122078914,-2.3276692949707,0.00388741648856239,106.0,0.00823474891809222
Q92615+Q9UN86,model_1_multimer_v3_pred_0,A_B,0.2262490792727217,0.22083193063735962,0.24791767381417001,0.2262490792727217,0.06551525583004086,23.386073059360733,43.38355555555555,135,0.2518518518518518,0.2518518518518518,0.28888888888888886,219,101.53678728083932,0.009160479130921134,0.0,0.017892156862745097,21,6,0,0.10480831949609887,2966.992985457897,-19.055046425550188,-8224.3913804859,3328.15155746559,-2.47115891162986,0.00306308519049625,175.0,0.0136740847467933
P35228+Q96A44,model_4_multimer_v3_pred_0,7_8,0.2753062600626093,0.2203303575515747,0.49520987010674755,0.2753062600626093,0.07064888298510455,25.024358974358975,54.7838596491228,57,0.17543859649122806,0.5087719298245614,0.24561403508771928,78,103.65624515665804,0.009077696369787844,0.0,0.0,3,0,0,0.17651237359809469,1139.419826925768,-16.224056223412134,-2560.965049367,1199.6618611,-2.13473907307413,0.00535388192835462,70.0,0.0163726485134601
Q8WV28+Q9Y5K6,model_2_multimer_v3_pred_0,9_A,0.22184404275010097,0.21909606456756592,0.23283595548024116,0.22184404275010097,0.19036241799807369,13.089141414141414,56.70830985915493,142,0.19718309859154928,0.31690140845070425,0.3028169014084507,198,130.2400012520859,0.026588345200382862,0.3488467896907366,0.3808228731236343,19,21,0,0.3511114819416393,3009.2129592427914,-28.184182188211707,2341.89621713909,3113.14969449331,0.75225943078855,0.398216732487327,165.0,0.47749639657542
Q8N5H7+P04792,model_1_multimer_v3_pred_0,A_B,0.2540503698566011,0.21884998679161072,0.3948519021165626,0.2540503698566011,0.09942076755334127,23.09202898550725,48.74109375,128,0.2578125,0.3203125,0.2890625,207,112.8829277301355,0.009563501712273591,0.0,0.010416666666666666,9,8,0,0.18458940764851886,2703.078946234782,-37.03538097909825,-4677.71057344374,2916.04783694087,-1.60412683022065,0.0128660792317508,151.0,0.0921861667089188
P40855+Q08379,model_4_multimer_v3_pred_0,7_8,0.2193231328802991,0.21792788803577423,0.2249041122583985,0.2193231328802991,0.02454683092513029,24.054761904761907,34.61786885245902,61,0.29508196721311475,0.32786885245901637,0.26229508196721313,63,62.28933516189564,0.00841508949647321,0.0,0.0,12,0,0,0.280531636987613,1450.4043814326042,-10.292479799551415,-2564.28864148406,1377.5380217,-1.86150117172048,0.00841600324596203,90.0,0.0146361278363113
P23497+P51570,model_3_multimer_v3_pred_0,8_9,0.2542866154877499,0.21758458018302917,0.40109475670663264,0.2542866154877499,0.2378638577622166,25.780357142857145,78.168125,32,0.28125,0.3125,0.25,56,136.65258021852407,0.010138033165070063,0.0,0.0,4,0,0,0.12393461788701554,516.7031646874333,-0.5088053588827393,-2003.75417550822,604.812776,-3.31301562238861,0.000754757227919955,40.0,0.0014770632652038
P09874+Q92973,model_1_multimer_v3_pred_0,A_B,0.2750015214719332,0.2167535126209259,0.5079935568759621,0.2750015214719332,0.6950154946105063,27.65238805970149,72.15531343283581,335,0.2537313432835821,0.3074626865671642,0.3492537313432836,670,203.91631317351775,0.009477109714811483,0.0,0.0,69,22,0,0.1921887980677216,5839.802041390327,-5.701997061500606,-20121.4351582551,7400.87447334506,-2.71879157398553,0.00202939529619656,372.0,0.00600414346142822
O94992+O95347,model_1_multimer_v3_pred_0,A_B,0.24278300959179666,0.21674223244190216,0.34694611819137466,0.24278300959179666,0.15462997432152728,25.717914438502675,54.83008,125,0.224,0.312,0.352,187,124.56525703372478,0.009116978771861635,0.0,0.008333333333333304,33,7,0,0.2052118557156557,2599.542159762517,-6.392065081371811,-7538.90695531791,2792.34139783305,-2.69985144408501,0.00209434251080881,153.0,0.00703010883771379
Q13617+P22061,model_3_multimer_v3_pred_0,8_9,0.31113942600031447,0.2163657397031784,0.6902341711888585,0.31113942600031447,0.22902560701807873,25.99078947368421,72.05888888888889,45,0.2222222222222222,0.4444444444444444,0.08888888888888889,76,135.52933766687352,0.00963735749264135,0.0,0.0,4,0,0,0.10881243204169244,846.9704873624521,-7.705876067590822,-2556.41260844041,991.775851,-2.57761126756898,0.00256638974923151,58.0,0.00958611641863939
Q14258+Q8IWX8,model_2_multimer_v3_pred_0,9_A,0.22733410680088684,0.21514807641506195,0.2760782283441863,0.22733410680088684,0.2288972874761487,27.756645569620254,61.63436363636363,110,0.32727272727272727,0.3181818181818182,0.24545454545454545,158,135.51283040901686,0.009255682936015072,0.0,0.036666666666666646,18,3,0,0.25906865166156445,2286.5603072601807,-15.357370426334114,-3804.58332021185,2368.3357979,-1.6064374501223,0.0128172606609289,147.0,0.163742287384996
Q96JB5+P04792,model_3_multimer_v3_pred_0,8_9,0.28058348816002715,0.21504592895507812,0.5427337249798232,0.28058348816002715,0.040801419262110235,20.93,56.167857142857144,42,0.2857142857142857,0.4523809523809524,0.19047619047619047,35,86.7269933339171,0.010760338093493822,0.013268047493479887,0.043388130686517784,1,2,0,0.3004432652398876,1374.7299596907255,-22.130178093312793,-1728.58898931301,1293.516455382,-1.33634866577907,0.019958995992636,79.0,0.067916880501115
Q7Z699+Q8WVD3,model_2_multimer_v3_pred_0,9_A,0.2298019660349916,0.21476513147354126,0.2899493042807928,0.2298019660349916,0.09553035846934628,22.630232558139536,57.80583333333334,72,0.3472222222222222,0.2361111111111111,0.3194444444444444,86,111.82529505617714,0.009805197571719007,0.0,0.01098484848484848,7,9,0,0.2612408784223879,1603.4526467496516,-0.25587503012630464,-3099.84570428213,1520.86449754664,-2.03821294354797,0.00628247959374606,103.0,0.0165840668832387
Q13637+Q14134,model_3_multimer_v3_pred_0,8_9,0.23646066249398648,0.21294166147708893,0.33053666656157665,0.23646066249398648,0.05049128909381585,25.425806451612903,62.899,30,0.16666666666666666,0.3333333333333333,0.4,31,93.80515918048192,0.009651408216906587,0.0,0.0,3,1,0,0.22154492100494483,691.7378079250285,-5.786396484920175,-1669.99523647606,644.8944682,-2.58956359346247,0.00251589906459027,39.0,0.00379533100917435
Q96G30+Q9NP58,model_3_multimer_v3_pred_0,8_9,0.2892074896493409,0.2124950885772705,0.5960570939376223,0.2892074896493409,0.10012497993836181,21.461274509803925,56.29275,80,0.275,0.5,0.15,102,113.06962731895068,0.010425523112551252,0.0,0.0,6,0,0,0.20983573477451142,2099.3715098890043,-30.637646503528885,-3327.64110538708,2141.30025467995,-1.55402825835111,0.013970838126161,123.0,0.0653327994773861
P78317+Q96RQ1,model_2_multimer_v3_pred_0,9_A,0.27893185208521715,0.21223993599414825,0.5456995164494927,0.27893185208521715,0.1142184418185505,19.80777027027027,53.69966292134832,89,0.25842696629213485,0.33707865168539325,0.23595505617977527,148,116.5423225678164,0.010862167826010516,0.0,0.014062499999999997,14,0,0,0.3244513471883417,1444.8722273425283,-21.63469883159192,-3141.51599865138,1573.995325679,-1.99588648542915,0.00673858354484236,95.0,0.0152000611684873
Q99759+Q9GZV5,model_4_multimer_v3_pred_0,7_8,0.2433658619903344,0.2119549959897995,0.3690093259924738,0.2433658619903344,0.12612316777771132,21.392372881355932,46.74524017467249,229,0.26200873362445415,0.33624454148471616,0.25327510917030566,354,119.15376968941908,0.009694351656420262,0.0,0.008333333333333304,22,6,0,0.26107019413872246,4681.410092547876,-56.047746271634196,-8460.67089590929,4837.7014375589,-1.74890307000395,0.0101356889762506,262.0,0.0302532994894083
P46934+Q9P1Z2,model_1_multimer_v3_pred_0,A_B,0.22994096124170943,0.20973381400108337,0.3107695502042136,0.22994096124170943,0.05068810853686313,26.96936274509804,40.667452229299364,157,0.3057324840764331,0.27388535031847133,0.28662420382165604,204,93.92677450114144,0.008328062867403717,0.0,0.0,21,3,0,0.23859609551614336,3101.537372117291,-4.906401816325797,-7303.8445456088,3181.48592643995,-2.29573372772443,0.00409906232471596,219.0,0.0147018949803538
O75582+Q9UNM6,model_1_multimer_v3_pred_0,A_B,0.2440018887424223,0.2083948254585266,0.386430141878005,0.2440018887424223,0.07145711219295921,24.43658536585366,54.327323943661966,71,0.28169014084507044,0.38028169014084506,0.19718309859154928,82,103.97238512631785,0.009305641719107954,0.0,0.0,3,6,0,0.2847035231315138,1410.4800725729642,-11.950489787811193,-2883.68349511255,1383.31992293,-2.08461068716819,0.00581768718104969,96.0,0.00980310249846918
P12956+Q9UI36,model_5_multimer_v3_pred_0,6_7,0.2532600504931849,0.20749971270561218,0.43630140164347575,0.2532600504931849,0.06957613759921517,24.950925925925926,59.587872340425534,47,0.2127659574468085,0.2765957446808511,0.3617021276595745,54,103.22965820368087,0.009406835002885958,0.0,0.0,3,7,0,0.24029362951261377,954.6957793541794,-7.706373735413763,-1909.2275282258,959.557276,-1.98969626511987,0.00680798985093767,68.0,0.0291246307672841
P14616+Q16543,model_4_multimer_v3_pred_0,7_8,0.2356096976902316,0.20678183436393738,0.3509211509954084,0.2356096976902316,0.024048536328777955,27.189473684210526,47.51,26,0.2692307692307692,0.3076923076923077,0.3076923076923077,19,60.7535835812689,0.008499861719459281,0.0,0.0,1,5,0,0.28411090993140303,521.0350630382169,-0.015509380388891714,-842.754009732527,503.960916,-1.67226065152348,0.011500839592083,50.0,0.0273023948565544
O43402+P36776,model_2_multimer_v3_pred_0,9_A,0.25999763105157775,0.2049838900566101,0.48005259503144826,0.25999763105157775,0.10612143658900214,25.565151515151513,75.47206896551724,29,0.27586206896551724,0.2413793103448276,0.3793103448275862,33,114.60538879556323,0.00991268306448341,0.0,0.0,3,0,0,0.27535853169380375,565.726901352693,-0.7656824798743003,-1429.51258282493,549.623488933318,-2.60089426963767,0.00246894967406297,34.0,0.00492510166225353
P11177+Q8IUR7,model_3_multimer_v3_pred_0,8_9,0.28693015427432517,0.2039397656917572,0.618891708604597,0.28693015427432517,0.09553025706801772,27.15833333333333,81.0204,25,0.28,0.48,0.16,24,111.82526688797098,0.009733000116102366,0.0,0.0,3,1,0,0.1943945346487716,517.1912630609668,-0.36724226744763655,-1002.66957825465,495.5845372,-2.02320593761787,0.00644057173295276,40.0,0.0127229902995593
P14866+P56945,model_1_multimer_v3_pred_0,A_B,0.21846490372609817,0.20170433819293976,0.2855071658587317,0.21846490372609817,0.03591435789638413,27.703475935828877,36.07407142857143,140,0.2357142857142857,0.22857142857142856,0.2571428571428571,187,81.95457638859813,0.008134287935194575,0.0,0.0,9,4,0,0.09592811888512968,2955.3177910486224,-30.50479249833819,-7924.34266426995,3048.11990956659,-2.59974768033214,0.00247366062169335,175.0,0.00757528444900822
P61964+P11177,model_4_multimer_v3_pred_0,7_8,0.2667083892628139,0.20148463547229767,0.527603404424879,0.2667083892628139,0.3487715899401966,20.339080459770116,76.97000000000001,55,0.21818181818181817,0.32727272727272727,0.32727272727272727,87,149.28479687405508,0.014315099573963035,0.0,0.01759259259259259,4,0,0,0.26867355579124963,876.5207592881286,-6.712645322486196,-2455.58563108086,969.369728689,-2.53317754661253,0.002763116181214,65.0,0.00474586618074544
P33991+Q9UQE7,model_3_multimer_v3_pred_0,8_9,0.24316679508743283,0.19939357042312622,0.4182596937446592,0.24316679508743283,0.07306174730031134,30.960204081632654,61.87875,24,0.20833333333333334,0.375,0.375,49,104.58722068706439,0.008565057936980898,0.0,0.0,7,0,0,0.07788327134150885,430.6643566897589,-3.0556445921183695,-1513.42266495343,563.708584,-2.68476072195741,0.00214757119862274,26.0,0.00268436106641828
P14866+Q86X10,model_3_multimer_v3_pred_0,8_9,0.2752248029204162,0.19668716192245483,0.5893753669122614,0.2752248029204162,0.09684081087224958,30.150341296928325,45.47736842105263,152,0.26973684210526316,0.29605263157894735,0.2631578947368421,293,112.18664761680924,0.008211829212124872,0.0,0.0,25,3,0,0.03817642268924985,2589.5843812983812,-16.670202352772208,-9324.4962169952,3211.19826031995,-2.90374354402713,0.00149185910831562,159.0,0.00252593931875541
Q96ST3+P12755,model_3_multimer_v3_pred_0,8_9,0.23358999616998088,0.19562691450119019,0.3854423228451437,0.23358999616998088,0.12012485229180965,29.96990595611285,47.076532663316584,199,0.2864321608040201,0.3869346733668342,0.21608040201005024,319,117.86978387304912,0.008248060438641968,0.0,0.0,25,0,0,0.08831701739979386,3896.378574683101,-41.32663566736903,-11098.7847180913,4318.72258053391,-2.56992305273731,0.00259940023579669,231.0,0.00703101737768631
O00541+Q14684,model_2_multimer_v3_pred_0,9_A,0.24066094263749216,0.1945018172264099,0.4252974442818211,0.24066094263749216,0.022708035398783126,25.344444444444445,58.58,14,0.14285714285714285,0.5,0.2857142857142857,9,55.89952620295565,0.009147071655568818,0.0,0.0,0,0,0,0.32425747017024376,182.9771448810942,-1.5013985082763384,-271.439717218595,194.333226,-1.39677461649608,0.0180814047305066,24.0,0.0288093228781633
Q01804+Q9HB71,model_4_multimer_v3_pred_0,7_8,0.2150617648738825,0.19369229674339294,0.3005396373958408,0.2150617648738825,0.13082359500559584,24.984727272727273,49.242753623188406,138,0.2826086956521739,0.2971014492753623,0.30434782608695654,275,120.11945884727211,0.00885784235721631,0.0,0.0,28,10,0,0.06150187453013789,2887.5965842254454,-24.93513908509135,-9231.0118797858,3581.15675249691,-2.57766205663844,0.00256617307496793,167.0,0.030831891377996
Q8TEW0+Q96ST8,model_3_multimer_v3_pred_0,8_9,0.19912452109348894,0.19109834730625153,0.23122921624243856,0.19912452109348894,0.029628406999184967,31.103708791208792,28.68825327510917,229,0.26200873362445415,0.31877729257641924,0.34497816593886466,364,73.47352515735665,0.007782745290317611,0.0,0.0,39,14,0,0.14031476733698506,5318.457554962981,-24.590545991788076,-14723.2807104098,5704.12877171495,-2.58116204939448,0.00255128541845756,325.0,0.0101270528614271
Q96G01+Q86W92,model_1_multimer_v3_pred_0,A_B,0.21026981236892517,0.19099585711956024,0.2873656333663849,0.21026981236892517,0.019731067100041504,30.549107142857142,20.924,50,0.32,0.32,0.26,56,36.579086277077735,0.007646360765323107,0.0,0.0,3,0,0,0.2507229539872521,1510.605459787716,-4.443348066136878,-2737.28087134564,1426.4866085349,-1.91889699837913,0.00765411483716022,109.0,0.0217593917594622
P61764+Q53S33,model_1_multimer_v3_pred_0,A_B,0.3058888942300229,0.19066791236400604,0.7667728216940902,0.3058888942300229,0.19025873784517228,23.787628865979382,65.5459375,64,0.25,0.328125,0.3125,97,130.22481592098188,0.00979287134760214,0.0,0.0,7,4,0,0.24063704519392862,1242.546840741687,-6.9219623115140365,-2751.41594291263,1240.44145113332,-2.21809416349222,0.00466268479024762,80.0,0.00686803315497914
O14641+P10515,model_1_multimer_v3_pred_0,A_B,0.2106371168455114,0.19066479802131653,0.2905263921422908,0.2106371168455114,0.2093244944922791,27.87728813559322,53.81756906077348,181,0.26519337016574585,0.2983425414364641,0.2983425414364641,295,132.91981691272358,0.008661884430257862,0.0,0.0,38,2,0,0.18966531341149587,3097.757942105632,-24.1103221158221,-8961.62068221675,3495.789247001,-2.56354718463215,0.00262709695576313,206.0,0.00495497413394133
Q13148+Q92900,model_2_multimer_v3_pred_0,9_A,0.25229795524665755,0.18956854939460754,0.5032155786548576,0.25229795524665755,0.08151768437158338,28.69846153846154,50.890309278350514,97,0.29896907216494845,0.25773195876288657,0.32989690721649484,130,107.57923099580802,0.008440090061414694,0.0,0.0,16,5,0,0.24114979874261894,2114.0301098274595,-3.6366485108356414,-5005.0951856716,2197.16238047132,-2.27798146835099,0.00422163401924952,135.0,0.0193810046075093
Q16513+Q07065,model_3_multimer_v3_pred_0,8_9,0.22911481765739217,0.18915852904319763,0.3889399721141702,0.22911481765739217,0.12109837311748131,26.819731800766284,48.862196969696974,132,0.24242424242424243,0.3106060606060606,0.3939393939393939,261,118.08236447451151,0.00858186300300871,0.0,0.0,20,17,0,0.21365229798719737,2764.7887183470057,-15.18067884176537,-9530.90725248771,3367.20166453332,-2.8305127527337,0.00168519408666562,153.0,0.00736734442120321
Q5T8D3+Q9NSV4,model_4_multimer_v3_pred_0,7_8,0.21921173912181613,0.18859350681304932,0.3416846683568833,0.21921173912181613,0.06441306391902209,27.65751445086705,39.79956989247312,186,0.25268817204301075,0.3387096774193548,0.3118279569892473,346,101.05413665621111,0.008269338154536975,0.0,0.004166666666666652,27,10,0,0.0630826815884552,3736.8020011907834,-27.598151208727643,-12705.7440670052,4511.5108083309,-2.81629471961874,0.00172553483952892,229.0,0.00325134418640501
Q15029+P55209,model_3_multimer_v3_pred_0,8_9,0.2849127869559345,0.1867998242378235,0.6773646378283785,0.2849127869559345,0.03402258118813531,26.875,69.588125,16,0.25,0.125,0.625,14,79.75690101278168,0.009340247644957894,0.0,0.0,3,1,0,0.301519694089465,375.80056309016294,5.177326502825736,-318.267197587584,361.0467795,-0.881512357009085,0.0416523055177743,33.0,0.163699857903723
O95817+P04424,model_3_multimer_v3_pred_0,8_9,0.24809890439973104,0.1854417622089386,0.4987274731629007,0.24809890439973104,0.019109915938385433,29.03333333333333,58.7175,4,0.5,0.25,0.25,3,28.01536727400178,0.008725377990820364,0.0,0.0,0,0,0,0.3588677390730892,104.86061213581678,-1.7729928794512375,-144.706742948049,96.812269,-1.49471492035838,0.0154001479491877,7.0,0.0175477997743656
Q6IQ23+P23588,model_2_multimer_v3_pred_0,9_A,0.19873398953791516,0.18510039150714874,0.2532683816609808,0.19873398953791516,0.01992257042952691,29.434482758620693,19.902857142857144,63,0.23809523809523808,0.2698412698412698,0.31746031746031744,87,38.60197461068942,0.007659049286855906,0.0,0.0,7,5,0,0.10806328354078584,1562.317355053842,-3.9400963674513036,-4024.43094769872,1589.94548886664,-2.53117542449048,0.00277232613764572,96.0,0.00768081433560466
P23508+P33991,model_2_multimer_v3_pred_0,9_A,0.23900378014899554,0.1836276352405548,0.46050835978275845,0.23900378014899554,0.021017157005490762,29.25,52.373000000000005,10,0.3,0.3,0.3,8,47.29753188872906,0.008522902673746604,0.0,0.0,1,0,0,0.27677552986401055,228.84190075386852,0.5520071745603445,-417.266770721593,218.39453635,-1.91060993418297,0.00775973915374223,18.0,0.0149221726153576
Q02241+P33897,model_1_multimer_v3_pred_0,A_B,0.23594693511758916,0.18207323551177979,0.4514417335408266,0.23594693511758916,0.3004354096933714,29.50162601626016,68.91090909090909,66,0.2878787878787879,0.3333333333333333,0.2727272727272727,123,144.0172611430266,0.008886560852168298,0.0,0.0,11,5,0,0.015988751678406958,1240.360875757519,-12.20932294050374,-4297.47503598554,1482.90581626832,-2.8980094277329,0.00150616336660592,73.0,0.00302415512786951
Q8IUW3+P54252,model_1_multimer_v3_pred_0,A_B,0.21995871152372765,0.18170514702796936,0.37297296950676073,0.21995871152372765,0.10553945576165,25.436477987421384,51.99442105263158,95,0.2631578947368421,0.3368421052631579,0.30526315789473685,159,114.4603689859699,0.008922842830695329,0.0,0.0,19,2,0,0.2054759676455239,2188.7574553383392,-17.73979661279742,-5823.21346829812,2199.04156468595,-2.64806885045383,0.00228269149593008,141.0,0.00449566871473301
O43660+O43172,model_2_multimer_v3_pred_0,9_A,0.23316847318446415,0.18102362751960754,0.4417478558438906,0.23316847318446415,0.19888468862472763,27.229111111111113,55.8917094017094,117,0.20512820512820512,0.3162393162393162,0.38461538461538464,225,131.46750176206135,0.008755658368719646,0.0,0.0,22,2,0,0.1657548743008585,2537.914925629324,-15.348166080541546,-9123.58000465936,3197.06311450659,-2.85373784560629,0.00162131288036199,142.0,0.00299264683898927
Q13825+Q15118,model_2_multimer_v3_pred_0,9_A,0.24882275746964638,0.18064194917678833,0.5215459906410785,0.24882275746964638,0.2972426785728254,27.156521739130433,78.125,42,0.2619047619047619,0.2857142857142857,0.2857142857142857,69,143.66008521384808,0.009824610986793875,0.0,0.0,5,1,0,0.2448434239783642,641.8086102228599,-2.4805354950498213,-1967.69256304917,719.678961253318,-2.73412544896747,0.00197828956453561,43.0,0.00340663193764532
Q15051+P28066,model_1_multimer_v3_pred_0,A_B,0.22364493776217587,0.17990563809871674,0.39860213641601233,0.22364493776217587,0.03818347655617947,22.575,56.01433333333333,30,0.36666666666666664,0.23333333333333334,0.36666666666666664,32,84.30997260227066,0.010134719431851999,0.0,0.0,4,1,0,0.2415018066086857,706.7401552285698,1.7179300421184678,-1535.68555588874,714.060805,-2.1506369557544,0.00521461586774136,45.0,0.00882806723637561
O75570+Q8N442,model_2_multimer_v3_pred_0,9_A,0.2484172016252446,0.17983181774616241,0.5227587371415733,0.2484172016252446,0.08791445510056363,25.353472222222223,59.01563636363637,55,0.4,0.16363636363636364,0.32727272727272727,72,109.61165921575268,0.009269723062399973,0.0,0.0,10,0,0,0.2868465941918405,1137.4828996459541,3.910600850501112,-2769.95930670423,1146.818989,-2.41534133396201,0.0033607136553277,72.0,0.0207485419020696
P49736+P28331,model_4_multimer_v3_pred_0,7_8,0.24151293860423212,0.17673510313034058,0.5006242804997982,0.24151293860423212,0.021215305279685,28.05,80.6,5,0.0,0.4,0.2,4,48.526035301033765,0.009530817779713999,0.0,0.0,0,2,0,0.3508854086827142,90.82120028413831,-0.09419499627915684,-93.3599262797237,85.93229,-1.08643591692626,0.0299623528137419,7.0,0.0453194039990329
Q8N684+Q9NRA8,model_1_multimer_v3_pred_0,A_B,0.18500285541791614,0.17421913146972656,0.22813775121067442,0.18500285541791614,0.0639060475667238,26.926111111111112,41.46994413407821,179,0.20670391061452514,0.3240223463687151,0.2905027932960894,270,100.82851946929532,0.008388814340739934,0.0,0.0,18,4,0,0.0459495252399748,3429.3726733026806,-16.219358203126887,-9390.91738802406,3880.6651067131,-2.41992471130241,0.00333522439343614,207.0,0.0105781356217278
Q7Z2W4+O95900,model_5_multimer_v3_pred_0,6_7,0.20390425227463546,0.17405609786510468,0.32329686991275863,0.20390425227463546,0.062080185506936655,25.605,76.85933333333334,15,0.26666666666666666,0.2,0.3333333333333333,20,99.99629811340317,0.009961633653330117,0.0,0.0,0,4,0,0.18381482900693297,383.76938871302866,0.08661086161970388,-1156.06952848214,395.8460134,-2.92050314856637,0.00145082373394811,28.0,0.00429709575317874
Q15118+P08559,model_3_multimer_v3_pred_0,8_9,0.24539215633873024,0.1736259162425995,0.5324571167232531,0.24539215633873024,0.025507357722896497,24.116666666666664,83.46428571428571,7,0.42857142857142855,0.2857142857142857,0.2857142857142857,6,64.94783829094911,0.010714740566807782,0.0,0.0,1,0,0,0.4439642656613281,191.1555541944924,0.1351338551387471,-433.434687111877,189.40307,-2.28842482390532,0.00414909200269331,12.0,0.0047419323745087
Q8NHH9+Q8TEH3,model_4_multimer_v3_pred_0,7_8,0.21125916433872916,0.17352968454360962,0.3621770835192073,0.21125916433872916,0.16358529831805582,28.764204545454547,64.84068965517241,58,0.22413793103448276,0.3448275862068966,0.3275862068965517,88,126.08159748474945,0.008862876462622033,0.0,0.0,6,1,0,0.2645399668077101,1348.6694428548185,-6.220640915583317,-3790.3811369153,1404.85823763,-2.69805239801967,0.00210061842149101,82.0,0.00386780116372125
Q8N465+Q9P253,model_4_multimer_v3_pred_0,7_8,0.22054619925113406,0.17196117341518402,0.4148863025949341,0.22054619925113406,0.03621207642063529,28.587500000000002,76.24266666666668,15,0.4,0.2,0.13333333333333333,12,82.27965601532706,0.009330748915747275,0.0,0.0,1,0,0,0.29594529552872095,155.99161502739386,-0.5595029622508036,-253.343623632852,148.72754866,-1.70340751202731,0.0109254023579758,22.0,0.0185341282595932
Q7Z7C8+Q92750,model_1_multimer_v3_pred_0,A_B,0.17910182683758666,0.17008304595947266,0.21517695035004267,0.17910182683758666,0.04560505040019526,28.480102040816327,45.46728813559322,59,0.3220338983050847,0.3220338983050847,0.3220338983050847,98,90.53564972661722,0.008311960661111605,0.0,0.0,11,1,0,0.06878174502495756,1493.2999692663047,-15.475993947334786,-4858.36189481103,1753.49376233332,-2.77067532213298,0.00186159394402224,88.0,0.00467760245216773
P08133+P30084,model_1_multimer_v3_pred_0,A_B,0.26807983901411536,0.16965511441230774,0.6617787374213459,0.26807983901411536,0.05707481205873835,26.663888888888888,77.70210526315789,19,0.15789473684210525,0.15789473684210525,0.3157894736842105,18,97.53731632548498,0.00968599496317082,0.0,0.0,3,0,0,0.2026687216772049,300.7536624433666,-0.7060316311058159,-626.81656282066,293.8221968,-2.13331929870269,0.00536649770204023,27.0,0.00819785937437588
P09496+P42566,model_1_multimer_v3_pred_0,A_B,0.18096140006295516,0.16877588629722595,0.22970345512587198,0.18096140006295516,0.046419061557709,25.668333333333333,40.40177570093458,107,0.2336448598130841,0.34579439252336447,0.308411214953271,180,91.1170138956686,0.008438413726559017,0.0,0.0,11,2,0,0.2754667635686592,2002.1412248583613,-15.043926911066364,-5232.43229093413,2249.79948244265,-2.32573272941337,0.00389993480856055,122.0,0.0148721220560537
P31943+A8MQ27,model_1_multimer_v3_pred_0,A_B,0.1922808237917066,0.16618670523166656,0.2966572980318667,0.1922808237917066,0.48328260013415064,26.72621527777778,55.813702422145326,289,0.2629757785467128,0.3079584775086505,0.2629757785467128,864,163.89770418125724,0.008872939419443414,0.0,0.0,58,16,0,0.00935366654845924,4145.9289501835965,-27.610695171695795,-20011.5990344976,7456.90225308295,-2.68363435047363,0.00215159790761849,309.0,0.00346536880658876
P55072+P0DPB3,model_4_multimer_v3_pred_0,7_8,0.2297010789376417,0.16371065378189087,0.4936627795606449,0.2297010789376417,0.11720233127386077,27.485833333333336,65.92311111111111,45,0.26666666666666666,0.35555555555555557,0.26666666666666666,60,117.2212624514021,0.009169558138950564,0.0,0.0,4,4,0,0.25173949960005726,898.9927194234886,-3.6409520460205727,-2410.98786825413,906.4720265,-2.65974878183858,0.00223878359964214,59.0,0.00565835679180465
P55072+Q9GZT3,model_5_multimer_v3_pred_0,6_7,0.23322326657113057,0.163633793592453,0.5115811584858407,0.23322326657113057,0.06677872496547096,27.38728813559322,57.64311111111111,45,0.15555555555555556,0.4,0.35555555555555557,59,102.07741926842274,0.00882531884515567,0.0,0.0,3,10,0,0.19935976221727325,1026.2359610894773,4.372114885174298,-2961.44455640527,1083.71949416664,-2.73266705300211,0.00198309441504047,63.0,0.00425691362106013
Q12933+O95816,model_3_multimer_v3_pred_0,8_9,0.19655116503398823,0.16171839833259583,0.3358822318395578,0.19655116503398823,0.01931582897471567,23.133333333333336,65.58833333333334,6,0.3333333333333333,0.3333333333333333,0.3333333333333333,3,31.293587894971463,0.010385341272411117,0.0,0.0,0,2,0,0.2796701793248999,363.1518806419576,6.22775150029355,-659.680253488444,341.626456,-1.93099873239455,0.00750242783172628,32.0,0.0167877349752645
P56962+Q14764,model_2_multimer_v3_pred_0,9_A,0.2136273670413691,0.1580609530210495,0.4358930231226474,0.2136273670413691,0.01874553464784348,31.080952380952382,15.393076923076924,13,0.23076923076923078,0.3076923076923077,0.0,21,20.35302331301574,0.007532485760529054,0.0,0.0,0,0,0,-0.07770555755402633,231.26692370760242,-3.644570391907166,-807.731700348357,265.385134,-3.04362074911233,0.00118199615796799,15.0,0.00156579345054498
O94992+Q8NFW8,model_1_multimer_v3_pred_0,A_B,0.21183987734790127,0.15782541036605835,0.42789774527527286,0.21183987734790127,0.04014608736836498,22.72391304347826,51.81044444444445,45,0.26666666666666666,0.2,0.4,46,86.1482222629031,0.009485560058288212,0.0,0.0,4,5,0,0.2541732009411848,1046.0589683703638,-5.864261822328359,-2369.9923378048,1019.86448693332,-2.32383063452993,0.00391226939060263,70.0,0.0144113168034086
P14866+P56545,model_3_multimer_v3_pred_0,8_9,0.20212851192154668,0.15148097276687622,0.4047186685402285,0.20212851192154668,0.292089195710174,27.35892857142857,66.66904761904762,84,0.25,0.30952380952380953,0.2619047619047619,140,143.0803122072056,0.009144844343478127,0.0,0.0,12,2,0,0.1416378528400422,1496.162343494186,-4.9003348868710646,-4658.59553957571,1693.0822047,-2.75154716448111,0.00192178230674711,100.0,0.00546030364207093
Q15118+P27144,model_4_multimer_v3_pred_0,7_8,0.23114197345803683,0.13979600369930267,0.5965258524929734,0.23114197345803683,0.3733870920739325,26.63372093023256,71.97434782608696,69,0.2463768115942029,0.3188405797101449,0.30434782608695654,129,151.90831792723824,0.00957384817443406,0.0,0.0,9,4,0,0.25998248584597117,1240.7546559116608,1.3746629407017679,-3375.43008066832,1440.030872716,-2.34399841324376,0.00378344122962088,68.0,0.0219201705315281
Q5T4F4+Q9UII2,model_3_multimer_v3_pred_0,8_9,0.17926668732413453,0.13496264815330505,0.35648284400745245,0.17926668732413453,0.1788159266780934,27.89020618556701,56.17103448275862,87,0.2413793103448276,0.27586206896551724,0.41379310344827586,194,128.50818986162554,0.008736513817972268,0.0,0.0,15,7,0,0.11977648958159498,1787.9140091989548,-15.90685529425705,-6329.6124606927,2319.15464187363,-2.72927572245852,0.00199431261611882,103.0,0.00387897224037344
Q6XE24+Q9BYN8,model_3_multimer_v3_pred_0,8_9,0.17348340927431177,0.13492168486118317,0.32773030692682614,0.17348340927431177,0.024791563441303437,23.7,63.001666666666665,12,0.08333333333333333,0.5,0.4166666666666667,10,63.001666666666665,0.009747657154851607,0.0,0.0,4,0,0,0.3471269706020639,481.8388004657502,-2.874233139625346,-949.231998002353,444.5502367,-2.13526373318058,0.00534922739293797,28.0,0.00664864003166136
P07919+P11177,model_3_multimer_v3_pred_0,8_9,0.2563560112780935,0.13384218513965607,0.7464113158318431,0.2563560112780935,0.04277762485557077,22.185714285714287,77.11153846153846,13,0.15384615384615385,0.5384615384615384,0.23076923076923078,14,88.37969610504997,0.011038789604307563,0.0,0.0,0,0,0,0.4966274611361858,245.30025430454788,-5.017402887765364,-127.98449015758,236.900141,-0.540246576542056,0.0712875393468838,20.0,0.121938815859304
O75787+P36543,model_5_multimer_v3_pred_0,6_7,0.1929935811510571,0.12093457579612732,0.4812296025707762,0.1929935811510571,0.037126263303379745,25.420454545454547,62.0121052631579,19,0.2631578947368421,0.42105263157894735,0.3157894736842105,22,83.24645659079727,0.009335146379912673,0.0,0.0,0,1,0,0.2715446473222203,402.369169759895,-4.248060807538991,-1153.67484448653,405.292466933318,-2.84652427225187,0.0016408907807608,30.0,0.00480253950038294
P36957+Q96L03,model_1_multimer_v3_pred_0,A_B,0.1646102568414009,0.11441437900066376,0.36539376820434943,0.1646102568414009,0.022953280370293733,27.135714285714283,67.30888888888889,9,0.1111111111111111,0.6666666666666666,0.2222222222222222,7,56.882610075537386,0.00927616596234854,0.0,0.0,1,0,0,0.22191759004294814,237.14076248733068,-1.3837462939985699,-519.720005820746,218.896366,-2.37427425277926,0.00359793630771421,20.0,0.00502929062748389
Q96KS9+Q9H6D7,model_3_multimer_v3_pred_0,8_9,0.1716642628882256,0.10972170531749725,0.4194344931711389,0.1716642628882256,0.07257491630416607,27.1635593220339,58.95605263157895,38,0.15789473684210525,0.3684210526315789,0.47368421052631576,59,104.40244440111171,0.008930551949629235,0.0,0.0,5,9,0,0.12835326009201986,928.4037165621263,-9.196176152081478,-2888.40934830237,1006.92528433332,-2.86854386640492,0.00158185634535701,57.0,0.00309233780588413
Q86V81+Q9BYN8,model_5_multimer_v3_pred_0,6_7,0.1378048741638524,0.10739198327064514,0.25945643773668137,0.1378048741638524,0.033708540141875076,25.1275,61.00375,24,0.375,0.3333333333333333,0.16666666666666666,20,79.36770859798659,0.009437470145329916,0.0,0.0,3,5,0,0.21713312222352732,701.1146623209808,-3.8695601614913784,-1264.28199651473,673.323877,-1.87767289962706,0.00819403124897045,47.0,0.0133587556294322
Q8IXM3+Q6P1L8,model_4_multimer_v3_pred_0,7_8,0.1504602699413889,0.09082205593585968,0.38901312596350573,0.1504602699413889,0.020733924622337273,26.322222222222223,47.571,10,0.3,0.1,0.4,9,45.39427041653812,0.008615634468307376,0.0,0.0,0,0,0,0.3624710516450425,195.10947387635144,0.2617551197357386,-441.266649082992,188.106582,-2.34583311435105,0.00377193333155024,20.0,0.00592419849467996
P20290+P83731,model_3_multimer_v3_pred_0,8_9,0.12828090807095777,0.08870957791805267,0.2865662286825781,0.12828090807095777,0.03997250163715893,27.645714285714288,55.69193548387097,31,0.25806451612903225,0.22580645161290322,0.3870967741935484,35,85.99213790866237,0.00870042817655683,0.0,0.0,3,0,0,0.22394337813270587,698.0127859124575,1.3342181509886757,-1623.22881130754,675.0503516,-2.40460405280905,0.00342118894832794,52.0,0.0124063614998279
