candidate_id,candidate_family,representation,grid_size,order,sigma,surface_density,surface_trim_cutoff,surface_probe_radius,proximity_length_scale,padding,distance,score_mode,fit_order,order_decay_n0,gap_band_soft_width,gap_contact_scale,sc_rescue_weight,sc_rescue_scale,sc_rescue_floor,af3_failure_rescue_rate,delta_rescue_vs_sc,pooled_af3_auroc,delta_af3_auroc_vs_sc,pooled_af3_average_precision,delta_af3_average_precision_vs_sc,pooled_all_auroc,delta_all_auroc_vs_sc,pooled_all_average_precision,delta_all_average_precision_vs_sc,pooled_af2_auroc,median_runtime_sec,runtime_ratio_vs_sc,runtime_ratio_vs_atom_baseline,sidechain_jitter_median_abs_delta,delta_sidechain_jitter_vs_sc,positive_median_score,negative_median_score,positive_minus_negative_median,positive_fraction_ge_0_95,negative_fraction_ge_0_95,score_min,score_max,score_dynamic_range,saturation_reject,production_eligible,diagnostic_only,diagnostic_pass,stage1_reject,af3_not_worse_than_current_atom_gap,improved_rescue_specialist,runtime_ok,robustness_pass,guardrail_pass,accepted_for_production,rank,recommended_candidate,normal_gap_contact_scale
interface_sc,sc_baseline,interface_sc,,,,,,,,,,baseline,,,,,,,,0.0,0.0,0.6275177485448803,0.0,0.6286956311092338,0.0,0.6810568389450089,0.0,0.6637043072186571,0.0,0.7575827129555359,nan,1.0,nan,nan,0.0,0.08428026596002855,0.07006879238334171,0.01421147357668684,0.0,0.0,-0.12647099272640105,0.12435839104184365,0.2508293837682447,0,0,0,0,0,1,0,1,1,1,0,0,0,
atom_gaussian__g32__o0__s1.5__mscoverlap__f12,sc_gated_rescue,atom_gaussian,32,0,1.5,,,,,2.0,8.0,sc_gated_overlap_rescue,12,,,,0.2,0.2,0.0,0.19756254008980115,0.19756254008980115,0.6640206979354266,0.036502949390546324,0.6737330177631102,0.045037386653876466,0.7190396065061243,0.037982767561115405,0.7069906385834664,0.043286331364809305,0.7827542323733474,nan,nan,nan,nan,nan,0.09931297145028381,0.08637267903769597,0.012940292412587845,0.0,0.0,-0.09437024967105742,0.2289342570588024,0.32330450672985983,0,0,1,0,0,1,0,0,0,1,0,1,0,
atom_gaussian__g32__o0__s1.5__mscoverlap__rf0.01__f12,sc_gated_rescue,atom_gaussian,32,0,1.5,,,,,2.0,8.0,sc_gated_overlap_rescue,12,,,,0.2,0.2,0.01,0.19756254008980115,0.19756254008980115,0.6640109101349412,0.036493161590060885,0.673779007357231,0.04508337624799719,0.7190945654109745,0.03803772646596559,0.707101873537428,0.0433975663187709,0.7830534622172632,nan,nan,nan,nan,nan,0.0976617844607387,0.08458319935703074,0.013078585103707963,0.0,0.0,-0.09637024967105742,0.2273191626483282,0.32368941231938564,0,0,1,0,0,1,0,0,0,1,0,2,0,
atom_gaussian__g32__o0__s1.5__mscnonuniform__f12,sc_gated_rescue,atom_gaussian,32,0,1.5,,,,,2.0,8.0,sc_gated_gap_nonuniform_rescue,12,,,,0.2,0.2,0.0,0.19756254008980115,0.19756254008980115,0.6621414402422154,0.034623691697335146,0.6722304210230406,0.04353478991380688,0.7177576529160972,0.036700813971088264,0.7058374376161622,0.0421331303975051,0.7828462612061441,nan,nan,nan,nan,nan,0.09866626638211892,0.08567990281444898,0.01298636356766994,0.0,0.0,-0.09523462212918507,0.22548922814688083,0.32072385027606587,0,0,1,0,0,1,0,0,0,1,0,3,0,
atom_gaussian__g32__o0__s1.5__mscnonuniform__rf0.01__f12,sc_gated_rescue,atom_gaussian,32,0,1.5,,,,,2.0,8.0,sc_gated_gap_nonuniform_rescue,12,,,,0.2,0.2,0.01,0.19627966645285438,0.19627966645285438,0.6621303474016652,0.034612598856784915,0.6722823479879547,0.043586716878720955,0.7177798592844084,0.03672302033939945,0.7059538576537001,0.04224955043504297,0.7830918529433707,nan,nan,nan,nan,nan,0.09699012765526016,0.08391122954537124,0.013078898109888923,0.0,0.0,-0.09723462212918507,0.2238741337364066,0.3211087558655917,0,0,1,0,0,1,0,0,0,1,0,4,0,
atom_gaussian__g32__o0__s1.5__mscoverlap__rs0.16__f12,sc_gated_rescue,atom_gaussian,32,0,1.5,,,,,2.0,8.0,sc_gated_overlap_rescue,12,,,,0.2,0.16,0.0,0.1930724823604875,0.1930724823604875,0.6634262521859421,0.035908503641061795,0.673214478922072,0.044518847812838214,0.7182995922791948,0.03724275333418592,0.7058533956051602,0.04214908838650311,0.7824533688815121,nan,nan,nan,nan,nan,0.09819624470316816,0.08547113824028843,0.012725106462879734,0.0,0.0,-0.09437024967105742,0.21347398123543582,0.30784423090649327,0,0,1,0,0,1,0,0,0,1,0,5,0,
atom_gaussian__g32__o0__s1.5__mscoverlap__rs0.16__rf0.01__f12,sc_gated_rescue,atom_gaussian,32,0,1.5,,,,,2.0,8.0,sc_gated_overlap_rescue,12,,,,0.2,0.16,0.01,0.19243104554201412,0.19243104554201412,0.6633981938245505,0.03588044527967016,0.673276251106791,0.04458061999755725,0.7183653201586441,0.03730848121363517,0.7060409601821873,0.042336652963530175,0.7828751223193879,nan,nan,nan,nan,nan,0.09672762000785384,0.08380755755173852,0.012920062456115322,0.0,0.0,-0.09637024967105742,0.2120418597237432,0.3084121093948006,0,0,1,0,0,1,0,0,0,1,0,6,0,
atom_gaussian__g32__o0__s1.5__mscnonuniform__rs0.16__rf0.01__f12,sc_gated_rescue,atom_gaussian,32,0,1.5,,,,,2.0,8.0,sc_gated_gap_nonuniform_rescue,12,,,,0.2,0.16,0.01,0.19050673508659396,0.19050673508659396,0.6616223605564691,0.034104612011588764,0.6719102058233264,0.043214574714092624,0.7171744201055716,0.03611758116056274,0.7051239185801746,0.041419611361517505,0.7830602690835943,nan,nan,nan,nan,nan,0.0961387109163157,0.08324735747920183,0.012891353437113881,0.0,0.0,-0.09723462212918507,0.20898711569071957,0.30622173781990464,0,0,1,0,0,1,0,0,0,1,0,7,0,
atom_gaussian__g32__o0__s1.5__mscnonuniform__rs0.16__f12,sc_gated_rescue,atom_gaussian,32,0,1.5,,,,,2.0,8.0,sc_gated_gap_nonuniform_rescue,12,,,,0.2,0.16,0.0,0.1898652982681206,0.1898652982681206,0.6616670581786861,0.0341493096338058,0.6719202673750384,0.04322463626580464,0.7171274822300778,0.036070643285068926,0.7049518779816508,0.04124757076299368,0.7826665599350026,nan,nan,nan,nan,nan,0.09763272996250795,0.08486114123488786,0.01277158872762009,0.0,0.0,-0.09523462212918507,0.21041923720241218,0.3056538593315973,0,0,1,0,0,1,0,0,0,1,0,8,0,
atom_gaussian__g32__o10__s1.5__f12,per_side,atom_gaussian,32,10,1.5,,,,,2.0,8.0,hard_cutoff,12,,,,,,,0.1892238614496472,0.1892238614496472,0.5701181713778612,-0.057399577167019045,0.62045838208262,-0.008237249026613713,0.5671121754323892,-0.11394466351261967,0.6047672113154774,-0.05893709590317975,0.565861604971953,nan,nan,nan,nan,nan,0.9684934514281095,0.9612645384183045,0.007228913009804994,0.687156683233063,0.6155593412833618,0.4192852317447367,0.9999656227075441,0.5806803909628073,1,0,1,0,1,0,0,0,0,0,0,9,0,
atom_gaussian__g24__o6__s1.5__mscgapsoft__f12,sc_gated_rescue,atom_gaussian,24,6,1.5,,,,,2.0,8.0,sc_gated_gap_soft_rescue,12,,,,0.2,0.2,0.0,0.18280949326491341,0.18280949326491341,0.6617166497011459,0.03419890115626556,0.6765656706497907,0.04787003954055691,0.7175235576889513,0.03646671874394236,0.7119811167274402,0.0482768095087831,0.7939852895450344,nan,nan,nan,nan,nan,0.09613967700020172,0.08047927155797807,0.01566040544222365,0.0,0.0,-0.10675922843236235,0.1579092388423507,0.26466846727471305,0,0,1,0,0,1,0,0,0,1,0,10,0,
atom_gaussian__g24__o6__s1.5__mscgapsoft__rf0.01__f12,sc_gated_rescue,atom_gaussian,24,6,1.5,,,,,2.0,8.0,sc_gated_gap_soft_rescue,12,,,,0.2,0.2,0.01,0.18280949326491341,0.18280949326491341,0.6616455250176181,0.03412777647273779,0.6765007426487887,0.04780511153955491,0.7173613546508527,0.03630451570584381,0.7118421227990032,0.04813781558034602,0.7938848201979872,nan,nan,nan,nan,nan,0.09447973520795477,0.07878360003559884,0.015696135172355935,0.0,0.0,-0.10875922843236235,0.15631355926622403,0.2650727876985864,0,0,1,0,0,1,0,0,0,1,0,11,0,
atom_gaussian__g24__o6__s1.5__mscgapsoft__rs0.16__f12,sc_gated_rescue,atom_gaussian,24,6,1.5,,,,,2.0,8.0,sc_gated_gap_soft_rescue,12,,,,0.2,0.16,0.0,0.17896087235407312,0.17896087235407312,0.6615153472711612,0.03399759872628094,0.6765279994164947,0.0478323683072609,0.7169659476110923,0.035909108666083434,0.7114400843850299,0.047735777166372784,0.7939945468832448,nan,nan,nan,nan,nan,0.09525300543511418,0.0799907514839021,0.015262253951212085,0.0,0.0,-0.10675922843236235,0.15040969916009345,0.2571689275924558,0,0,1,0,0,1,0,0,0,1,0,12,0,
atom_gaussian__g24__o6__s1.5__mscgapsoft__rs0.16__rf0.01__f12,sc_gated_rescue,atom_gaussian,24,6,1.5,,,,,2.0,8.0,sc_gated_gap_soft_rescue,12,,,,0.2,0.16,0.01,0.17831943553559973,0.17831943553559973,0.661497076710255,0.033979328165374745,0.6765296063362604,0.04783397522702659,0.7167784189154885,0.035721579970479644,0.7112592479455314,0.04755494072687427,0.7939161317831104,nan,nan,nan,nan,nan,0.0937387190642837,0.0783780888974846,0.015360630166799102,0.0,0.0,-0.10875922843236235,0.14900438551756798,0.2577636139499303,0,0,1,0,0,1,0,0,0,1,0,13,0,
atom_gaussian__g32__o0__s1.5__mscoverlap__rw0.1__f12,sc_gated_rescue,atom_gaussian,32,0,1.5,,,,,2.0,8.0,sc_gated_overlap_rescue,12,,,,0.1,0.2,0.0,0.15137908915971776,0.15137908915971776,0.6609271004619842,0.033409351917103924,0.6737685316630372,0.04507290055380342,0.7111766211354421,0.03011978219043321,0.7057631434987834,0.0420588362801263,0.7881910126493359,nan,nan,nan,nan,nan,0.09223340666389898,0.07752961865017642,0.01470378801372256,0.0,0.0,-0.11042062119872924,0.1607006409523167,0.2711212621510459,0,0,1,0,0,1,0,0,0,1,0,14,0,
atom_gaussian__g32__o0__s1.5__mscoverlap__rw0.1__rf0.01__f12,sc_gated_rescue,atom_gaussian,32,0,1.5,,,,,2.0,8.0,sc_gated_overlap_rescue,12,,,,0.1,0.2,0.01,0.15137908915971776,0.15137908915971776,0.6608638060188448,0.03334605747396446,0.6736917200409762,0.04499608893174245,0.7111105961808314,0.030053757235822487,0.7056925162627491,0.04198820904409195,0.7881515328246154,nan,nan,nan,nan,nan,0.0914075888645552,0.0766492933371523,0.014758295527402904,0.0,0.0,-0.11142062119872924,0.1598930937470796,0.27131371494580886,0,0,1,0,0,1,0,0,0,1,0,15,0,
atom_gaussian__g32__o0__s1.5__mscnonuniform__rw0.1__f12,sc_gated_rescue,atom_gaussian,32,0,1.5,,,,,2.0,8.0,sc_gated_gap_nonuniform_rescue,12,,,,0.1,0.2,0.0,0.14945477870429763,0.14945477870429763,0.6595326651528202,0.03201491660793987,0.6724617621490776,0.043766131039843836,0.7097855666924082,0.02872872774739932,0.704282260809944,0.04057795359128691,0.7868631291654619,nan,nan,nan,nan,nan,0.09192376865182349,0.07724832255776043,0.014675446094063058,0.0,0.0,-0.11085280742779306,0.1589781264963559,0.269830933924149,0,0,1,0,0,1,0,0,0,1,0,16,0,
atom_gaussian__g32__o0__s1.5__mscnonuniform__rw0.1__rf0.01__f12,sc_gated_rescue,atom_gaussian,32,0,1.5,,,,,2.0,8.0,sc_gated_gap_nonuniform_rescue,12,,,,0.1,0.2,0.01,0.14881334188582424,0.14881334188582424,0.6594830736303604,0.03196532508548011,0.6724044697369349,0.04370883862770114,0.709719616006588,0.028662777061579048,0.7042018497893625,0.04049754257070537,0.7868152088264908,nan,nan,nan,nan,nan,0.09109126306534615,0.07637080138588903,0.01472046167945712,0.0,0.0,-0.11185280742779306,0.1581705792911188,0.27002338671891185,0,0,1,0,0,1,0,0,0,1,0,17,0,
atom_gaussian__g32__o0__s1.5__mscoverlap__rw0.1__rs0.16__f12,sc_gated_rescue,atom_gaussian,32,0,1.5,,,,,2.0,8.0,sc_gated_overlap_rescue,12,,,,0.1,0.16,0.0,0.14753046824887747,0.14753046824887747,0.6600116148565761,0.03249386631169582,0.6726030806220172,0.04390744951278347,0.7102407601083909,0.029183921163381976,0.7042807673584154,0.04057646013975824,0.7879544059756662,nan,nan,nan,nan,nan,0.09160723777063699,0.07716671881045142,0.01444051896018557,0.0,0.0,-0.11042062119872924,0.15297050304063342,0.2633911242393627,0,0,1,0,0,1,0,0,0,1,0,18,0,
atom_gaussian__g32__o0__s1.5__mscoverlap__rw0.1__rs0.16__rf0.01__f12,sc_gated_rescue,atom_gaussian,32,0,1.5,,,,,2.0,8.0,sc_gated_overlap_rescue,12,,,,0.1,0.16,0.01,0.14753046824887747,0.14753046824887747,0.6599594132539869,0.03244166470910659,0.6725536140875048,0.04385798297827104,0.7101537170861145,0.02909687814110562,0.7041868253354304,0.04048251811677328,0.7879048519887758,nan,nan,nan,nan,nan,0.09087022093578888,0.07634988372046285,0.014520337215326029,0.0,0.0,-0.11142062119872924,0.1522544422847871,0.2636750634835163,0,0,1,0,0,1,0,0,0,1,0,19,0,
atom_gaussian__g32__o0__s1.5__mscnonuniform__rw0.1__rs0.16__f12,sc_gated_rescue,atom_gaussian,32,0,1.5,,,,,2.0,8.0,sc_gated_gap_nonuniform_rescue,12,,,,0.1,0.16,0.0,0.14304041051956382,0.14304041051956382,0.6587114686920889,0.03119372014720856,0.671312881305105,0.04261725019587126,0.7089081552033532,0.02785131625834425,0.7027733776911114,0.039069070472454226,0.7866649132178998,nan,nan,nan,nan,nan,0.09132868779048098,0.07684803657160036,0.014480651218880619,0.0,0.0,-0.11085280742779306,0.1514431310241216,0.2622959384519147,0,0,1,0,0,1,0,0,0,1,0,20,0,
atom_gaussian__g32__o0__s1.5__mscnonuniform__rw0.1__rs0.16__rf0.01__f12,sc_gated_rescue,atom_gaussian,32,0,1.5,,,,,2.0,8.0,sc_gated_gap_nonuniform_rescue,12,,,,0.1,0.16,0.01,0.14239897370109045,0.14239897370109045,0.6586573095294026,0.031139560984522308,0.671209427332625,0.04251379622339124,0.7088257911148681,0.027768952169859196,0.7026603687752576,0.038956061556600474,0.7866115473858638,nan,nan,nan,nan,nan,0.09058254348883767,0.07603191273715475,0.01455063075168292,0.0,0.0,-0.11185280742779306,0.15072707026827528,0.26257987769606833,0,0,1,0,0,1,0,0,0,1,0,21,0,
atom_gaussian__g24__o6__s1.5__mscgapsoft__rw0.1__f12,sc_gated_rescue,atom_gaussian,24,6,1.5,,,,,2.0,8.0,sc_gated_gap_soft_rescue,12,,,,0.1,0.2,0.0,0.13919178960872355,0.13919178960872355,0.6578622138699658,0.0303444653250855,0.6713704405211489,0.04267480941191515,0.7053431789983309,0.024286340053321975,0.7000108351371406,0.03630652791848343,0.7822739398850238,nan,nan,nan,nan,nan,0.09053727779769515,0.07491610271511512,0.015621175082580027,0.0,0.0,-0.1166151105793817,0.1266538037098957,0.2432689142892774,0,0,1,0,0,1,0,0,0,1,0,22,0,
atom_gaussian__g24__o6__s1.5__mscgapsoft__rw0.1__rf0.01__f12,sc_gated_rescue,atom_gaussian,24,6,1.5,,,,,2.0,8.0,sc_gated_gap_soft_rescue,12,,,,0.1,0.2,0.01,0.13919178960872355,0.13919178960872355,0.6578012032469397,0.030283454702059398,0.6712769581915502,0.042581327082316434,0.7052493032473435,0.02419246430233457,0.6997115031674573,0.0360071959488002,0.7821734705379766,nan,nan,nan,nan,nan,0.08970539813444385,0.07402532656449054,0.01568007156995331,0.0,0.0,-0.1176151105793817,0.12591330295884384,0.24352841353822555,0,0,1,0,0,1,0,0,0,1,0,23,0,
atom_gaussian__g24__o6__s1.5__mscgapsoft__rw0.1__rs0.16__f12,sc_gated_rescue,atom_gaussian,24,6,1.5,,,,,2.0,8.0,sc_gated_gap_soft_rescue,12,,,,0.1,0.16,0.0,0.1379089159717768,0.1379089159717768,0.6568752773210138,0.029357528776133512,0.6686573213166543,0.039961690207420575,0.704386077097243,0.02332923815223409,0.6977909764841472,0.03408666926549009,0.7816980789934115,nan,nan,nan,nan,nan,0.09011955123774922,0.07464693413368387,0.015472617104065348,0.0,0.0,-0.1166151105793817,0.12467739197758523,0.24129250255696694,0,0,1,0,0,1,0,0,0,1,0,24,0,
atom_gaussian__g24__o6__s1.5__mscgapsoft__rw0.1__rs0.16__rf0.01__f12,sc_gated_rescue,atom_gaussian,24,6,1.5,,,,,2.0,8.0,sc_gated_gap_soft_rescue,12,,,,0.1,0.16,0.01,0.13598460551635663,0.13598460551635663,0.6567718528958839,0.029254104351003618,0.6684791930365026,0.03978356192726884,0.7042660587320565,0.023209219787047597,0.6975384235487584,0.03383411633010125,0.7815790949699436,nan,nan,nan,nan,nan,0.08937055639954848,0.07382371162988743,0.015546844769661047,0.0,0.0,-0.1176151105793817,0.12435839104184365,0.24197350162122536,0,0,1,0,0,1,0,0,0,1,0,25,0,
