candidate_id,diagnostic_slice,auroc,average_precision,n_pos,n_neg,positive_median_score,negative_median_score,positive_minus_negative_median,positive_fraction_ge_0_95,negative_fraction_ge_0_95,score_min,score_max,score_dynamic_range,saturation_reject
atom_gaussian__g24__o2__s1.5__mgapcontact__cs0.03__f12,af3_mixed_200,0.6049,0.5792312023840672,100,100,0.09770006276978566,0.08451856666499061,0.013181496104795049,0.0,0.0,0.0,0.23429016694507254,0.23429016694507254,0
atom_gaussian__g24__o2__s1.5__mgapcontact__cs0.03__f12,human_af3_hard_low_sc_pos_high_sc_neg,0.75,0.6746031746031745,6,6,0.10565074901091503,0.03463359911901984,0.0710171498918952,0.0,0.0,0.0,0.19233429632371007,0.19233429632371007,0
atom_gaussian__g24__o2__s1.5__mgapcontact__cs0.07__f12,af3_mixed_200,0.623,0.5991767905447083,100,100,0.07570433884313249,0.05224469309110055,0.023459645752031938,0.0,0.0,0.0,0.21572703336054194,0.21572703336054194,0
atom_gaussian__g24__o2__s1.5__mgapcontact__cs0.07__f12,human_af3_hard_low_sc_pos_high_sc_neg,0.8055555555555556,0.7166666666666668,6,6,0.08221066926398728,0.017367782199266768,0.06484288706472051,0.0,0.0,0.0,0.1408755529708254,0.1408755529708254,0
atom_gaussian__g24__o2__s1.5__mgapexcess__f12,af3_mixed_200,0.6322,0.6208505940581829,100,100,0.010406064267200282,0.005441335841800912,0.00496472842539937,0.0,0.0,0.0,0.07368363607200229,0.07368363607200229,1
atom_gaussian__g24__o2__s1.5__mgapexcess__f12,human_af3_hard_low_sc_pos_high_sc_neg,0.9166666666666666,0.9150793650793649,6,6,0.02707007419058767,0.001384513334244352,0.02568556085634332,0.0,0.0,0.0,0.07368363607200229,0.07368363607200229,0
atom_gaussian__g24__o2__s1.5__mgapsoft__f12,af3_mixed_200,0.6341,0.621816990933379,100,100,0.015299613647942079,0.009832653201743171,0.0054669604461989076,0.0,0.0,0.0009313647819850712,0.07388274901136252,0.07295138422937744,1
atom_gaussian__g24__o2__s1.5__mgapsoft__f12,human_af3_hard_low_sc_pos_high_sc_neg,0.9166666666666666,0.9150793650793649,6,6,0.02809420750529135,0.0054616281880302715,0.02263257931726108,0.0,0.0,0.0028448826175693728,0.07388274901136252,0.07103786639379314,0
atom_gaussian__g24__o2__s1.5__mgapsoft__w2__f12,af3_mixed_200,0.6325,0.6204101836757365,100,100,0.01786600138206109,0.01151417552150505,0.00635182586055604,0.0,0.0,0.00119172328598542,0.08847215399264192,0.0872804307066565,1
atom_gaussian__g24__o2__s1.5__mgapsoft__w2__f12,human_af3_hard_low_sc_pos_high_sc_neg,0.9166666666666666,0.9150793650793649,6,6,0.03564726519163956,0.0064995173265343445,0.029147747865105218,0.0,0.0,0.0036362299536047563,0.08847215399264192,0.08483592403903717,0
atom_gaussian__g24__o2__s1__mgapexcess__f12,af3_mixed_200,0.6153,0.6222922542069937,100,100,0.010406064267200282,0.003902200194834481,0.006503864072365801,0.0,0.0,0.0,0.07368363607200229,0.07368363607200229,1
atom_gaussian__g24__o2__s1__mgapexcess__f12,human_af3_hard_low_sc_pos_high_sc_neg,0.8888888888888888,0.8972222222222221,6,6,0.02707007419058767,0.0,0.02707007419058767,0.0,0.0,0.0,0.07368363607200229,0.07368363607200229,0
atom_gaussian__g24__o2__s1__mgapsoft__f12,af3_mixed_200,0.6245,0.6168331949461369,100,100,0.014514664639062718,0.006797117882169303,0.007717546756893415,0.0,0.0,0.0002185853958197636,0.07388274901136252,0.07366416361554276,1
atom_gaussian__g24__o2__s1__mgapsoft__f12,human_af3_hard_low_sc_pos_high_sc_neg,0.9166666666666666,0.9150793650793649,6,6,0.028044247379821058,0.0015574696356104205,0.026486777744210637,0.0,0.0,0.00030236298530255534,0.07388274901136252,0.07358038602605996,0
atom_gaussian__g24__o2__s1__mgapsoft__w2__f12,af3_mixed_200,0.6218,0.614958679051399,100,100,0.01710504263483595,0.008163568913193645,0.008941473721642303,0.0,0.0,0.000271178020940791,0.08847215399264192,0.08820097597170114,1
atom_gaussian__g24__o2__s1__mgapsoft__w2__f12,human_af3_hard_low_sc_pos_high_sc_neg,0.9166666666666666,0.9150793650793649,6,6,0.03564726519163956,0.001863287214342449,0.03378397797729711,0.0,0.0,0.0003851034131324287,0.08847215399264192,0.0880870505795095,0
atom_gaussian__g24__o2__s2__mgapcontact__cs0.03__f12,af3_mixed_200,0.4824,0.5090690193406434,100,100,0.13537954846902392,0.13590844920623288,-0.0005289007372089594,0.0,0.0,0.03579648015662143,0.28694348704679834,0.2511470068901769,1
atom_gaussian__g24__o2__s2__mgapcontact__cs0.03__f12,human_af3_hard_low_sc_pos_high_sc_neg,0.3611111111111111,0.48316498316498313,6,6,0.11834548996427766,0.13018050720338528,-0.011835017239107626,0.0,0.0,0.04635309798799651,0.21241854114198658,0.16606544315399008,1
atom_gaussian__g24__o2__s2__mgapcontact__cs0.07__f12,af3_mixed_200,0.5262,0.5521716782761968,100,100,0.11168407835321982,0.10686650699997577,0.004817571353244052,0.0,0.0,0.02861877816446405,0.22592653349800473,0.19730775533354067,1
atom_gaussian__g24__o2__s2__mgapcontact__cs0.07__f12,human_af3_hard_low_sc_pos_high_sc_neg,0.5833333333333334,0.5930555555555556,6,6,0.11088516272516716,0.09046215817758152,0.020423004547585638,0.0,0.0,0.04635303621281495,0.1785840507367889,0.13223101452397396,0
atom_gaussian__g24__o2__s2__mgapexcess__f12,af3_mixed_200,0.6054,0.6119909219691984,100,100,0.01675549901684665,0.014696305498147315,0.0020591935186993343,0.0,0.0,0.00287248401460058,0.07368363607200229,0.07081115205740171,1
atom_gaussian__g24__o2__s2__mgapexcess__f12,human_af3_hard_low_sc_pos_high_sc_neg,0.9166666666666666,0.9150793650793649,6,6,0.03129830074293302,0.009968000650406192,0.02133030009252683,0.0,0.0,0.006644099154860167,0.07368363607200229,0.06703953691714212,0
atom_gaussian__g24__o2__s2__mgapsoft__f12,af3_mixed_200,0.5788,0.5949873528993612,100,100,0.02348297177221196,0.02061761304259222,0.002865358729619738,0.0,0.0,0.0033614994565210853,0.07388274901136252,0.07052124955484143,1
atom_gaussian__g24__o2__s2__mgapsoft__f12,human_af3_hard_low_sc_pos_high_sc_neg,0.9166666666666666,0.9150793650793649,6,6,0.034954955043435175,0.017393434352116592,0.017561520691318583,0.0,0.0,0.011192808521511053,0.07388274901136252,0.06268994048985146,0
atom_gaussian__g24__o2__s2__mgapsoft__w2__f12,af3_mixed_200,0.5745,0.5937885458338712,100,100,0.027185604373199224,0.023861535103423908,0.0033240692697753156,0.0,0.0,0.004316452947272109,0.08847215399264192,0.08415570104536982,1
atom_gaussian__g24__o2__s2__mgapsoft__w2__f12,human_af3_hard_low_sc_pos_high_sc_neg,0.9166666666666666,0.9150793650793649,6,6,0.04323965000527641,0.020491664934550118,0.02274798507072629,0.0,0.0,0.014150115863155515,0.08847215399264192,0.07432203812948641,0
atom_gaussian__g24__o4__s1.5__mgapcontact__cs0.03__f12,af3_mixed_200,0.5948,0.568833123971407,100,100,0.21997915291268633,0.19560348832118885,0.02437566459149748,0.0,0.0,0.0,0.4816099914789049,0.4816099914789049,0
atom_gaussian__g24__o4__s1.5__mgapcontact__cs0.03__f12,human_af3_hard_low_sc_pos_high_sc_neg,0.7222222222222222,0.6496031746031746,6,6,0.24287389154571332,0.09527240717418511,0.1476014843715282,0.0,0.0,0.0,0.4184580954115553,0.4184580954115553,0
atom_gaussian__g24__o4__s1.5__mgapcontact__cs0.07__f12,af3_mixed_200,0.6206,0.5941866991473467,100,100,0.17011216874840213,0.12725722138974377,0.04285494735865836,0.0,0.0,0.0,0.42503271099727824,0.42503271099727824,0
atom_gaussian__g24__o4__s1.5__mgapcontact__cs0.07__f12,human_af3_hard_low_sc_pos_high_sc_neg,0.7777777777777778,0.6968253968253969,6,6,0.19356004581055314,0.04818260021296643,0.1453774455975867,0.0,0.0,0.0,0.30650027952895115,0.30650027952895115,0
atom_gaussian__g24__o4__s1.5__mgapexcess__f12,af3_mixed_200,0.6274,0.6181470024090546,100,100,0.024397108556384488,0.012842586826183848,0.01155452173020064,0.0,0.0,0.0,0.18106005743644354,0.18106005743644354,0
atom_gaussian__g24__o4__s1.5__mgapexcess__f12,human_af3_hard_low_sc_pos_high_sc_neg,0.8888888888888888,0.8972222222222221,6,6,0.07799584337153598,0.0038660068456376805,0.0741298365258983,0.0,0.0,0.0,0.18106005743644354,0.18106005743644354,0
atom_gaussian__g24__o4__s1.5__mgapsoft__f12,af3_mixed_200,0.628,0.6185789002020126,100,100,0.03265496455485069,0.022259815058741576,0.010395149496109111,0.0,0.0,0.002523239449808796,0.18160103261188054,0.17907779316207176,0
atom_gaussian__g24__o4__s1.5__mgapsoft__f12,human_af3_hard_low_sc_pos_high_sc_neg,0.9166666666666666,0.9150793650793649,6,6,0.08036632913051564,0.013113015667609588,0.06725331346290606,0.0,0.0,0.008453468297684374,0.18160103261188054,0.17314756431419617,0
atom_gaussian__g24__o4__s1.5__mgapsoft__w2__f12,af3_mixed_200,0.6297,0.6165366472528737,100,100,0.03529637954929975,0.02360651915424863,0.011689860395051117,0.0,0.0,0.0032728286459205885,0.1971861867778947,0.1939133581319741,0
atom_gaussian__g24__o4__s1.5__mgapsoft__w2__f12,human_af3_hard_low_sc_pos_high_sc_neg,0.9166666666666666,0.9150793650793649,6,6,0.08883186789188637,0.014152770825818232,0.07467909706606814,0.0,0.0,0.009492749385614684,0.1971861867778947,0.18769343739228003,0
atom_gaussian__g24__o4__s1__mgapexcess__f12,af3_mixed_200,0.6133,0.6208531498962724,100,100,0.024397108556384488,0.00856073522691295,0.015836373329471538,0.0,0.0,0.0,0.18106005743644354,0.18106005743644354,0
atom_gaussian__g24__o4__s1__mgapexcess__f12,human_af3_hard_low_sc_pos_high_sc_neg,0.8888888888888888,0.8972222222222221,6,6,0.07799584337153598,0.0,0.07799584337153598,0.0,0.0,0.0,0.18106005743644354,0.18106005743644354,0
atom_gaussian__g24__o4__s1__mgapsoft__f12,af3_mixed_200,0.6194,0.6144268758240127,100,100,0.0305863988033701,0.016101560606079583,0.014484838197290517,0.0,0.0,0.0005654745357188587,0.18160103261188054,0.18103555807616167,0
atom_gaussian__g24__o4__s1__mgapsoft__f12,human_af3_hard_low_sc_pos_high_sc_neg,0.9166666666666666,0.9150793650793649,6,6,0.08036632913051564,0.0035597398785628814,0.07680658925195276,0.0,0.0,0.0009078402677987357,0.18160103261188054,0.1806931923440818,0
atom_gaussian__g24__o4__s1__mgapsoft__w2__f12,af3_mixed_200,0.6191,0.6118445491789133,100,100,0.032785588529187074,0.017707449646831228,0.015078138882355846,0.0,0.0,0.0006562502744848735,0.1971861867778947,0.19652993650340983,0
atom_gaussian__g24__o4__s1__mgapsoft__w2__f12,human_af3_hard_low_sc_pos_high_sc_neg,0.9166666666666666,0.9150793650793649,6,6,0.08883186789188637,0.004008026664571054,0.08482384122731532,0.0,0.0,0.001011147117334985,0.1971861867778947,0.1961750396605597,0
atom_gaussian__g24__o4__s2__mgapcontact__cs0.03__f12,af3_mixed_200,0.4588,0.5005310258542205,100,100,0.2913170066998854,0.3104692022383759,-0.019152195538490457,0.0,0.0,0.11489882687633592,0.5651655391212526,0.45026671224491666,1
atom_gaussian__g24__o4__s2__mgapcontact__cs0.03__f12,human_af3_hard_low_sc_pos_high_sc_neg,0.2777777777777778,0.4456649831649831,6,6,0.2744127229703417,0.3250375871790325,-0.050624864208690834,0.0,0.0,0.14338090897639053,0.45554895272061147,0.3121680437442209,1
atom_gaussian__g24__o4__s2__mgapcontact__cs0.07__f12,af3_mixed_200,0.5096,0.5377501967573235,100,100,0.2448832649311133,0.24151000524457944,0.003373259686533847,0.0,0.0,0.07441926835641438,0.4449861971788575,0.37056692882244313,1
atom_gaussian__g24__o4__s2__mgapcontact__cs0.07__f12,human_af3_hard_low_sc_pos_high_sc_neg,0.5555555555555556,0.5523809523809523,6,6,0.2612469763906067,0.22308476430533153,0.03816221208527515,0.0,0.0,0.1433807178913915,0.3829881179316148,0.2396074000402233,0
atom_gaussian__g24__o4__s2__mgapexcess__f12,af3_mixed_200,0.5953,0.6050994280980463,100,100,0.03646422878720619,0.03312869775369022,0.0033355310335159705,0.0,0.0,0.007469506821835849,0.18106005743644354,0.1735905506146077,1
atom_gaussian__g24__o4__s2__mgapexcess__f12,human_af3_hard_low_sc_pos_high_sc_neg,0.8611111111111112,0.8773809523809524,6,6,0.08620579009287258,0.024866350926922028,0.06133943916595055,0.0,0.0,0.016109314650263242,0.18106005743644354,0.1649507427861803,0
atom_gaussian__g24__o4__s2__mgapsoft__f12,af3_mixed_200,0.5681,0.591701677629711,100,100,0.04987845235747037,0.045707242243196625,0.004171210114273745,0.0,0.0,0.009174776405988757,0.18160103261188054,0.17242625620589178,1
atom_gaussian__g24__o4__s2__mgapsoft__f12,human_af3_hard_low_sc_pos_high_sc_neg,0.8611111111111112,0.8773809523809524,6,6,0.09230747306728089,0.0402347366363877,0.05207273643089319,0.0,0.0,0.02822925907793316,0.18160103261188054,0.15337177353394738,0
atom_gaussian__g24__o4__s2__mgapsoft__w2__f12,af3_mixed_200,0.5714,0.5916811090394384,100,100,0.05441366635614406,0.05001974512817765,0.004393921227966405,0.0,0.0,0.01225591377743739,0.1971861867778947,0.1849302730004573,1
atom_gaussian__g24__o4__s2__mgapsoft__w2__f12,human_af3_hard_low_sc_pos_high_sc_neg,0.8888888888888888,0.8972222222222221,6,6,0.10128299638498377,0.043058043238711874,0.05822495314627189,0.0,0.0,0.031097528744440037,0.1971861867778947,0.16608865803345468,0
atom_gaussian__g24__o6__s1.5__mgapcontact__cs0.03__f12,af3_mixed_200,0.598,0.5637089553872197,100,100,0.36890217425206484,0.3388562631300133,0.030045911122051516,0.0,0.0,0.0,0.6418781256980127,0.6418781256980127,0
atom_gaussian__g24__o6__s1.5__mgapcontact__cs0.03__f12,human_af3_hard_low_sc_pos_high_sc_neg,0.75,0.6746031746031745,6,6,0.4088038603037285,0.16692802648819657,0.24187583381553193,0.0,0.0,0.0,0.5836470507157876,0.5836470507157876,0
atom_gaussian__g24__o6__s1.5__mgapcontact__cs0.07__f12,af3_mixed_200,0.6148,0.5806726517786289,100,100,0.28898634103855714,0.21906394871636137,0.06992239232219577,0.0,0.0,0.0,0.5721443868034546,0.5721443868034546,0
atom_gaussian__g24__o6__s1.5__mgapcontact__cs0.07__f12,human_af3_hard_low_sc_pos_high_sc_neg,0.8611111111111112,0.8555555555555555,6,6,0.32465387682309843,0.08489495268621583,0.2397589241368826,0.0,0.0,0.0,0.45550179376214683,0.45550179376214683,0
atom_gaussian__g24__o6__s1.5__mgapexcess__f12,af3_mixed_200,0.6258,0.6141064409893808,100,100,0.03772747796959257,0.020072620971040817,0.01765485699855175,0.0,0.0,0.0,0.3095215732149874,0.3095215732149874,0
atom_gaussian__g24__o6__s1.5__mgapexcess__f12,human_af3_hard_low_sc_pos_high_sc_neg,0.8888888888888888,0.8972222222222221,6,6,0.13802796126119993,0.006840606934691762,0.13118735432650816,0.0,0.0,0.0,0.29341969589211914,0.29341969589211914,0
atom_gaussian__g24__o6__s1.5__mgapsoft__f12,af3_mixed_200,0.6323,0.6183297170105949,100,100,0.05108247441507903,0.033655896093937876,0.017426578321141153,0.0,0.0,0.00530944131913457,0.3120971646167482,0.3067877232976136,0
atom_gaussian__g24__o6__s1.5__mgapsoft__f12,human_af3_hard_low_sc_pos_high_sc_neg,0.9166666666666666,0.9150793650793649,6,6,0.14191016725078193,0.020448485584507653,0.12146168166627427,0.0,0.0,0.014562063005063595,0.2947301543694712,0.2801680913644076,0
atom_gaussian__g24__o6__s1.5__mgapsoft__w2__f12,af3_mixed_200,0.6341,0.6175066024407658,100,100,0.05479209190654295,0.03567168932983436,0.019120402576708592,0.0,0.0,0.00655140218131098,0.3394850551438378,0.3329336529625268,0
atom_gaussian__g24__o6__s1.5__mgapsoft__w2__f12,human_af3_hard_low_sc_pos_high_sc_neg,0.9166666666666666,0.9150793650793649,6,6,0.15031083883443594,0.021476885919102608,0.12883395291533334,0.0,0.0,0.015990790660553665,0.3173480696140448,0.3013572789534912,0
atom_gaussian__g24__o6__s1__mgapexcess__f12,af3_mixed_200,0.6138,0.6176517011203154,100,100,0.03772747796959257,0.013799608478321367,0.0239278694912712,0.0,0.0,0.0,0.3095215732149874,0.3095215732149874,0
atom_gaussian__g24__o6__s1__mgapexcess__f12,human_af3_hard_low_sc_pos_high_sc_neg,0.8888888888888888,0.8972222222222221,6,6,0.13802796126119993,0.0,0.13802796126119993,0.0,0.0,0.0,0.29341969589211914,0.29341969589211914,0
atom_gaussian__g24__o6__s1__mgapsoft__f12,af3_mixed_200,0.621,0.6131746160524844,100,100,0.04865668731839501,0.02577872609806108,0.02287796122033393,0.0,0.0,0.0010133536378326448,0.3120971646167482,0.3110838109789155,0
atom_gaussian__g24__o6__s1__mgapsoft__f12,human_af3_hard_low_sc_pos_high_sc_neg,0.9166666666666666,0.9150793650793649,6,6,0.14191016725078193,0.005951765265556878,0.13595840198522505,0.0,0.0,0.00166089495185625,0.2947301543694712,0.29306925941761497,0
atom_gaussian__g24__o6__s1__mgapsoft__w2__f12,af3_mixed_200,0.6213,0.612016797661616,100,100,0.05270370190227203,0.027855537699095705,0.024848164203176322,0.0,0.0,0.0011119404607470597,0.3394850551438378,0.3383731146830907,0
atom_gaussian__g24__o6__s1__mgapsoft__w2__f12,human_af3_hard_low_sc_pos_high_sc_neg,0.9166666666666666,0.9150793650793649,6,6,0.15031083883443594,0.006557586408246413,0.14375325242618953,0.0,0.0,0.0017908607403564036,0.3173480696140448,0.31555720887368843,0
atom_gaussian__g24__o6__s2__mgapcontact__cs0.03__f12,af3_mixed_200,0.4532,0.5047420312360381,100,100,0.4473560230788913,0.4866291842411006,-0.0392731611622093,0.0,0.0,0.24563970929874404,0.7130858835482466,0.46744617424950263,1
atom_gaussian__g24__o6__s2__mgapcontact__cs0.03__f12,human_af3_hard_low_sc_pos_high_sc_neg,0.3055555555555556,0.4421296296296296,6,6,0.45108651163572333,0.5083398293530509,-0.057253317717327556,0.0,0.0,0.3017385512811449,0.6276284910291516,0.32588993974800673,1
atom_gaussian__g24__o6__s2__mgapcontact__cs0.07__f12,af3_mixed_200,0.5332,0.5428015228345388,100,100,0.3830678795566551,0.3722447343475842,0.010823145209070906,0.0,0.0,0.16548702668718898,0.5867498421765199,0.421262815489331,0
atom_gaussian__g24__o6__s2__mgapcontact__cs0.07__f12,human_af3_hard_low_sc_pos_high_sc_neg,0.6111111111111112,0.569047619047619,6,6,0.4152500476204875,0.3556975055488536,0.05955254207163391,0.0,0.0,0.2671688820374693,0.5276584505440316,0.2604895685065623,0
atom_gaussian__g24__o6__s2__mgapexcess__f12,af3_mixed_200,0.5961,0.6001786370936373,100,100,0.058664362305561324,0.04962775289127301,0.009036609414288313,0.0,0.0,0.0166100326174296,0.3095215732149874,0.2929115405975578,1
atom_gaussian__g24__o6__s2__mgapexcess__f12,human_af3_hard_low_sc_pos_high_sc_neg,0.8333333333333334,0.8551587301587301,6,6,0.15096127419626965,0.03998172075999176,0.11097955343627788,0.0,0.0,0.024626603964370157,0.29341969589211914,0.268793091927749,0
atom_gaussian__g24__o6__s2__mgapsoft__f12,af3_mixed_200,0.5764,0.5944603125373132,100,100,0.07572181723102478,0.06993132490262743,0.005790492328397345,0.0,0.0,0.020061565791695882,0.3120971646167482,0.2920355988250523,1
atom_gaussian__g24__o6__s2__mgapsoft__f12,human_af3_hard_low_sc_pos_high_sc_neg,0.8333333333333334,0.8551587301587301,6,6,0.15695426005111307,0.06016969534391167,0.0967845647072014,0.0,0.0,0.045270618282748344,0.2947301543694712,0.24945953608672286,0
atom_gaussian__g24__o6__s2__mgapsoft__w2__f12,af3_mixed_200,0.5831,0.5970024528029539,100,100,0.08185088847215034,0.07641953820479871,0.005431350267351628,0.0,0.0,0.024632402867553728,0.3394850551438378,0.31485265227628406,1
atom_gaussian__g24__o6__s2__mgapsoft__w2__f12,human_af3_hard_low_sc_pos_high_sc_neg,0.8611111111111112,0.8773809523809524,6,6,0.1686427272615491,0.06261535383373576,0.10602737342781335,0.0,0.0,0.048909729002023276,0.3173480696140448,0.26843834061202154,0
atom_gaussian__g32__o0__s1.5__mgapnonuniform__f12,af3_mixed_200,0.6642,0.6424995855914709,100,100,0.06259423886594973,0.053030780294216845,0.00956345857173288,0.0,0.0,0.017272526041072184,0.8615849199390601,0.8443123938979878,1
atom_gaussian__g32__o0__s1.5__mgapnonuniform__f12,human_af3_hard_low_sc_pos_high_sc_neg,1.0,1.0,6,6,0.20840080379432624,0.03502819975935613,0.17337260403497012,0.0,0.0,0.030137462244567332,0.8615849199390601,0.8314474576944927,0
atom_gaussian__g32__o0__s1.5__moverlap__f12,af3_mixed_200,0.664,0.6424522357029079,100,100,0.06606601923704147,0.05539589747786522,0.010670121759176254,0.0,0.0,0.017567116767168045,0.8706340789794922,0.8530669622123241,0
atom_gaussian__g32__o0__s1.5__moverlap__f12,human_af3_hard_low_sc_pos_high_sc_neg,0.9722222222222222,0.9761904761904762,6,6,0.21575164794921875,0.03683518432080746,0.1789164636284113,0.0,0.0,0.03154033049941063,0.8706340789794922,0.8390937484800816,0
atom_gaussian__g32__o10__s1.5__f12,af3_mixed_200,0.5976,0.6038508286945209,100,100,0.9681838900109604,0.960965249897014,0.007218640113946351,0.73,0.6,0.49350266565115747,0.997263425779205,0.5037607601280476,1
atom_gaussian__g32__o10__s1.5__f12,human_af3_hard_low_sc_pos_high_sc_neg,0.6388888888888888,0.6839646464646464,6,6,0.9783418578489398,0.9642339806689374,0.014107877180002393,0.8333333333333334,0.8333333333333334,0.8672689567417596,0.996464995894562,0.1291960391528023,1
atom_gaussian__g32__o10__s1.5__mgapband__f12,af3_mixed_200,0.6505,0.6358264854133878,100,100,0.053935447438561414,0.04509119929554593,0.00884424814301548,0.0,0.0,0.012880101047144989,0.6339379928520554,0.6210578918049104,1
atom_gaussian__g32__o10__s1.5__mgapband__f12,human_af3_hard_low_sc_pos_high_sc_neg,0.9722222222222222,0.9761904761904762,6,6,0.17790957992644638,0.03149465459539406,0.14641492533105233,0.0,0.0,0.025554526218492746,0.6339379928520554,0.6083834666335627,0
atom_gaussian__g32__o2__s1.5__mgapband__f12,af3_mixed_200,0.6139,0.6211038363290864,100,100,0.010218055288236251,0.008431275946380271,0.0017867793418559798,0.0,0.0,0.0009070592843138622,0.05532386448084113,0.05441680519652727,1
atom_gaussian__g32__o2__s1.5__mgapband__f12,human_af3_hard_low_sc_pos_high_sc_neg,0.9166666666666666,0.9150793650793649,6,6,0.025107908030198557,0.006158572828299924,0.018949335201898634,0.0,0.0,0.0030615702348252287,0.05532386448084113,0.0522622942460159,0
atom_gaussian__g32__o2__s1.5__mgapcontact__cs0.03__f12,af3_mixed_200,0.6002,0.5923684586767299,100,100,0.08612640772268598,0.07661193443441713,0.009514473288268849,0.0,0.0,0.0,0.2161824123406014,0.2161824123406014,1
atom_gaussian__g32__o2__s1.5__mgapcontact__cs0.03__f12,human_af3_hard_low_sc_pos_high_sc_neg,0.7777777777777778,0.7027777777777778,6,6,0.11050674409793945,0.03487904594714156,0.0756276981507979,0.0,0.0,0.0,0.15818183672678465,0.15818183672678465,0
atom_gaussian__g32__o2__s1.5__mgapcontact__cs0.07__f12,af3_mixed_200,0.6279,0.6026312262775385,100,100,0.05922930897329863,0.044122844252290606,0.015106464721008024,0.0,0.0,0.0,0.1668085238552102,0.1668085238552102,0
atom_gaussian__g32__o2__s1.5__mgapcontact__cs0.07__f12,human_af3_hard_low_sc_pos_high_sc_neg,0.8611111111111112,0.8555555555555555,6,6,0.07358103058943147,0.017496697878192583,0.05608433271123889,0.0,0.0,0.0,0.12825494802531442,0.12825494802531442,0
atom_gaussian__g32__o2__s1.5__mgapexcess__f12,af3_mixed_200,0.6358,0.6318811219254732,100,100,0.005882503423842932,0.003972714539666359,0.001909788884176573,0.0,0.0,0.0,0.05516660394651782,0.05516660394651782,1
atom_gaussian__g32__o2__s1.5__mgapexcess__f12,human_af3_hard_low_sc_pos_high_sc_neg,0.9166666666666666,0.9150793650793649,6,6,0.023400351669762422,0.0013951242347783005,0.02200522743498412,0.0,0.0,0.0,0.05516660394651782,0.05516660394651782,0
atom_gaussian__g32__o2__s1.5__mgapnonuniform__f12,af3_mixed_200,0.6636,0.6413957370142775,100,100,0.05185624475584173,0.04293462389319613,0.008921620862645599,0.0,0.0,0.01636546675675826,0.8232583622979164,0.8068928955411582,1
atom_gaussian__g32__o2__s1.5__mgapnonuniform__f12,human_af3_hard_low_sc_pos_high_sc_neg,1.0,1.0,6,6,0.18147248477191436,0.02993605993426691,0.15153642483764745,0.0,0.0,0.026264045357478706,0.8232583622979164,0.7969943169404377,0
atom_gaussian__g32__o2__s1.5__mgapsoft__f12,af3_mixed_200,0.6145,0.6215090830378365,100,100,0.010288789822690374,0.008446140489399949,0.0018426493332904248,0.0,0.0,0.0009285247039295874,0.05536131869115279,0.0544327939872232,1
atom_gaussian__g32__o2__s1.5__mgapsoft__f12,human_af3_hard_low_sc_pos_high_sc_neg,0.9166666666666666,0.9150793650793649,6,6,0.02522354338053952,0.006164885645998577,0.019058657734540945,0.0,0.0,0.0030810929479209506,0.05536131869115279,0.05228022574323184,0
atom_gaussian__g32__o2__s1.5__mgapsoft__w2__f12,af3_mixed_200,0.6165,0.6237964459981643,100,100,0.011991911468288197,0.009962036466468717,0.0020298750018194808,0.0,0.0,0.0011917379538529003,0.06703034391030686,0.06583860595645397,1
atom_gaussian__g32__o2__s1.5__mgapsoft__w2__f12,human_af3_hard_low_sc_pos_high_sc_neg,0.9166666666666666,0.9150793650793649,6,6,0.03191531549125391,0.007232858654560402,0.02468245683669351,0.0,0.0,0.003924010550183886,0.06495440510851784,0.06103039455833396,0
atom_gaussian__g32__o2__s1__mgapexcess__f12,af3_mixed_200,0.627,0.6556665097910396,100,100,0.0029972299526407516,2.4673534814306413e-05,0.002972556417826445,0.0,0.0,0.0,0.05516660394651782,0.05516660394651782,1
atom_gaussian__g32__o2__s1__mgapexcess__f12,human_af3_hard_low_sc_pos_high_sc_neg,0.9027777777777778,0.9761904761904762,6,6,0.02108438068655109,0.0,0.02108438068655109,0.0,0.0,0.0,0.05516660394651782,0.05516660394651782,0
atom_gaussian__g32__o2__s1__mgapsoft__f12,af3_mixed_200,0.6452,0.6354844605891999,100,100,0.005467435134443114,0.0023090363657932277,0.0031583987686498866,0.0,0.0,8.961588940041808e-05,0.05536131869115279,0.05527170280175237,1
atom_gaussian__g32__o2__s1__mgapsoft__f12,human_af3_hard_low_sc_pos_high_sc_neg,0.9166666666666666,0.9150793650793649,6,6,0.021857217102378847,0.000642804379583864,0.021214412722794982,0.0,0.0,0.00031920655172250914,0.05536131869115279,0.05504211213943028,0
atom_gaussian__g32__o2__s1__mgapsoft__w2__f12,af3_mixed_200,0.6438,0.6345498806199571,100,100,0.0063017635846023805,0.002677650752018604,0.0036241128325837767,0.0,0.0,0.00011660262316233894,0.06703034391030686,0.06691374128714453,1
atom_gaussian__g32__o2__s1__mgapsoft__w2__f12,human_af3_hard_low_sc_pos_high_sc_neg,0.9166666666666666,0.9150793650793649,6,6,0.028238903087887096,0.0007542313519973156,0.027484671735889782,0.0,0.0,0.0003967062206871717,0.06495440510851784,0.06455769888783067,0
atom_gaussian__g32__o2__s2__mgapcontact__cs0.03__f12,af3_mixed_200,0.4758,0.5059076918279842,100,100,0.1306763475680602,0.1370064972835849,-0.006330149715524702,0.0,0.0,0.03207188809411516,0.283040292150142,0.25096840405602683,1
atom_gaussian__g32__o2__s2__mgapcontact__cs0.03__f12,human_af3_hard_low_sc_pos_high_sc_neg,0.3611111111111111,0.47142857142857136,6,6,0.1271167670557049,0.13911976327368802,-0.01200299621798312,0.0,0.0,0.044021353142919745,0.20928445840814544,0.1652631052652257,1
atom_gaussian__g32__o2__s2__mgapcontact__cs0.07__f12,af3_mixed_200,0.5217,0.5345723218549043,100,100,0.10960275364896921,0.10691476807456189,0.0026879855744073172,0.0,0.0,0.02788066161998429,0.2218537012296589,0.1939730396096746,1
atom_gaussian__g32__o2__s2__mgapcontact__cs0.07__f12,human_af3_hard_low_sc_pos_high_sc_neg,0.6111111111111112,0.6079365079365079,6,6,0.1124045489448315,0.0901293215771369,0.02227522736769459,0.0,0.0,0.04402117818171659,0.17571585262109213,0.13169467443937555,0
atom_gaussian__g32__o2__s2__mgapexcess__f12,af3_mixed_200,0.6046,0.6208964177193602,100,100,0.015395167891134555,0.01340970738460574,0.001985460506528815,0.0,0.0,0.0027822730065643784,0.05516660394651782,0.05238433093995344,1
atom_gaussian__g32__o2__s2__mgapexcess__f12,human_af3_hard_low_sc_pos_high_sc_neg,0.8888888888888888,0.8972222222222221,6,6,0.028330558571873932,0.009808212739642025,0.018522345832231907,0.0,0.0,0.007001644067891135,0.05516660394651782,0.04816495987862668,0
atom_gaussian__g32__o2__s2__mgapsoft__f12,af3_mixed_200,0.5621,0.5881911732891311,100,100,0.020460046724995302,0.01842995234837418,0.002030094376621123,0.0,0.0,0.003273824743784197,0.05536131869115279,0.05208749394736859,1
atom_gaussian__g32__o2__s2__mgapsoft__f12,human_af3_hard_low_sc_pos_high_sc_neg,0.8888888888888888,0.8972222222222221,6,6,0.03225433711391481,0.01842995234837418,0.01382438476554063,0.0,0.0,0.011116341283077582,0.05536131869115279,0.0442449774080752,0
atom_gaussian__g32__o2__s2__mgapsoft__w2__f12,af3_mixed_200,0.5589,0.5905428682993922,100,100,0.02437573294616669,0.021925097314449374,0.002450635631717317,0.0,0.0,0.004201617820217449,0.06703034391030686,0.06282872609008941,1
atom_gaussian__g32__o2__s2__mgapsoft__w2__f12,human_af3_hard_low_sc_pos_high_sc_neg,0.8888888888888888,0.8972222222222221,6,6,0.03996739470133302,0.021584030924170307,0.018383363777162716,0.0,0.0,0.014138452701479473,0.06495440510851784,0.050815952407038366,0
atom_gaussian__g32__o3__s1.5__mgapband__f12,af3_mixed_200,0.6149,0.620364290748658,100,100,0.010465040491470031,0.008605172287202301,0.00185986820426773,0.0,0.0,0.001062417861164152,0.057159421226664675,0.056097003365500525,1
atom_gaussian__g32__o3__s1.5__mgapband__f12,human_af3_hard_low_sc_pos_high_sc_neg,0.9166666666666666,0.9150793650793649,6,6,0.0258470293597636,0.006185950155047542,0.01966107920471606,0.0,0.0,0.0031915577183596693,0.05542616544263697,0.0522346077242773,0
atom_gaussian__g32__o4__s1.5__mgapband__f12,af3_mixed_200,0.6099,0.6217324250072016,100,100,0.02210161422506613,0.018511683538653456,0.003589930686412675,0.0,0.0,0.0023737578149649334,0.13813709636695834,0.1357633385519934,1
atom_gaussian__g32__o4__s1.5__mgapband__f12,human_af3_hard_low_sc_pos_high_sc_neg,0.9166666666666666,0.9150793650793649,6,6,0.06565690237046458,0.013959378770406386,0.05169752360005819,0.0,0.0,0.00854937829245025,0.1258043645720136,0.11725498627956335,0
atom_gaussian__g32__o4__s1.5__mgapcontact__cs0.03__f12,af3_mixed_200,0.5919,0.5735826711175869,100,100,0.19609003244115458,0.18383335854081942,0.012256673900335163,0.0,0.0,0.0,0.4080426545413197,0.4080426545413197,0
atom_gaussian__g32__o4__s1.5__mgapcontact__cs0.03__f12,human_af3_hard_low_sc_pos_high_sc_neg,0.6944444444444444,0.6357142857142857,6,6,0.2372930445224684,0.09394881715591548,0.14334422736655295,0.0,0.0,0.0,0.3235870116640959,0.3235870116640959,0
atom_gaussian__g32__o4__s1.5__mgapcontact__cs0.07__f12,af3_mixed_200,0.6182,0.5881403746379736,100,100,0.1328681854262166,0.1046311941918219,0.028236991234394687,0.0,0.0,0.0,0.3466190147888809,0.3466190147888809,0
atom_gaussian__g32__o4__s1.5__mgapcontact__cs0.07__f12,human_af3_hard_low_sc_pos_high_sc_neg,0.8333333333333334,0.8357142857142857,6,6,0.16994335665131063,0.0475896606029436,0.12235369604836704,0.0,0.0,0.0,0.3181885134924552,0.3181885134924552,0
atom_gaussian__g32__o4__s1.5__mgapexcess__f12,af3_mixed_200,0.6263,0.6255082216439658,100,100,0.012336520746127717,0.00926892390024307,0.0030675968458846476,0.0,0.0,0.0,0.13790579681296058,0.13790579681296058,1
atom_gaussian__g32__o4__s1.5__mgapexcess__f12,human_af3_hard_low_sc_pos_high_sc_neg,0.9444444444444444,0.9583333333333334,6,6,0.06323727220300335,0.003822451395727798,0.05941482080727555,0.0,0.0,0.0,0.1254467600955647,0.1254467600955647,0
atom_gaussian__g32__o4__s1.5__mgapsoft__f12,af3_mixed_200,0.6109,0.6221521922294323,100,100,0.022246433076843868,0.018775487907181393,0.0034709451696624746,0.0,0.0,0.0025259422360045768,0.1395877439612789,0.13706180172527432,1
atom_gaussian__g32__o4__s1.5__mgapsoft__f12,human_af3_hard_low_sc_pos_high_sc_neg,0.9166666666666666,0.9150793650793649,6,6,0.0659317156962616,0.014002866145261765,0.05192884955099984,0.0,0.0,0.008674011430657066,0.1260524470027776,0.11737843557212053,0
atom_gaussian__g32__o4__s1.5__mgapsoft__w2__f12,af3_mixed_200,0.615,0.621507756044627,100,100,0.024568799689127403,0.020675774566699737,0.0038930251224276666,0.0,0.0,0.0032880466573920165,0.15864201725835025,0.15535397060095824,1
atom_gaussian__g32__o4__s1.5__mgapsoft__w2__f12,human_af3_hard_low_sc_pos_high_sc_neg,0.9166666666666666,0.9150793650793649,6,6,0.0721878627509033,0.015073032245899901,0.057114830505003406,0.0,0.0,0.00977387846218148,0.1423166005924801,0.13254272213029863,0
atom_gaussian__g32__o4__s1__mgapexcess__f12,af3_mixed_200,0.6249,0.6534283209613162,100,100,0.006968281619137513,5.9823124919810545e-05,0.0069084584942177025,0.0,0.0,0.0,0.13790579681296058,0.13790579681296058,1
atom_gaussian__g32__o4__s1__mgapexcess__f12,human_af3_hard_low_sc_pos_high_sc_neg,0.9027777777777778,0.9761904761904762,6,6,0.058344347331833725,0.0,0.058344347331833725,0.0,0.0,0.0,0.1254467600955647,0.1254467600955647,0
atom_gaussian__g32__o4__s1__mgapsoft__f12,af3_mixed_200,0.6419,0.6331430471243753,100,100,0.01138824612416044,0.0053349833477550155,0.0060532627764054246,0.0,0.0,0.0002715976309902829,0.1395877439612789,0.13931614633028863,1
atom_gaussian__g32__o4__s1__mgapsoft__f12,human_af3_hard_low_sc_pos_high_sc_neg,0.9166666666666666,0.9150793650793649,6,6,0.0602155386792971,0.001446240802843559,0.05876929787645354,0.0,0.0,0.0008885101222825003,0.1260524470027776,0.1251639368804951,0
atom_gaussian__g32__o4__s1__mgapsoft__w2__f12,af3_mixed_200,0.6427,0.629276120729145,100,100,0.01322856906775929,0.005852919959832692,0.007375649107926598,0.0,0.0,0.00033279518006796123,0.15864201725835025,0.1583092220782823,1
atom_gaussian__g32__o4__s1__mgapsoft__w2__f12,human_af3_hard_low_sc_pos_high_sc_neg,0.9166666666666666,0.9150793650793649,6,6,0.06522288193047696,0.001587307400685188,0.06363557452979177,0.0,0.0,0.0009824699046206524,0.1423166005924801,0.14133413068785947,0
atom_gaussian__g32__o4__s2__mgapcontact__cs0.03__f12,af3_mixed_200,0.455,0.49580297483695823,100,100,0.28969638583564855,0.3132625243118427,-0.023566138476194154,0.0,0.0,0.10894553886328484,0.5608824515540685,0.4519369126907836,1
atom_gaussian__g32__o4__s2__mgapcontact__cs0.03__f12,human_af3_hard_low_sc_pos_high_sc_neg,0.3055555555555556,0.4387205387205387,6,6,0.2982837634976899,0.330027676953885,-0.031743913456195094,0.0,0.0,0.13929541566499556,0.4511364734243811,0.31184105775938553,1
atom_gaussian__g32__o4__s2__mgapcontact__cs0.07__f12,af3_mixed_200,0.5084,0.5267665842542977,100,100,0.23591853373331406,0.2374195321264679,-0.0015009983931538462,0.0,0.0,0.07254769236752508,0.4396329825932612,0.36708529022573616,1
atom_gaussian__g32__o4__s2__mgapcontact__cs0.07__f12,human_af3_hard_low_sc_pos_high_sc_neg,0.5833333333333334,0.5801587301587302,6,6,0.2608028256670091,0.22150202504641947,0.039300800620589604,0.0,0.0,0.1392948620406342,0.3787755224596864,0.23948066041905217,0
atom_gaussian__g32__o4__s2__mgapexcess__f12,af3_mixed_200,0.5968,0.605887216877155,100,100,0.03276134643048424,0.02851797416570643,0.004243372264777813,0.0,0.0,0.007239694986937521,0.13790579681296058,0.13066610182602306,1
atom_gaussian__g32__o4__s2__mgapexcess__f12,human_af3_hard_low_sc_pos_high_sc_neg,0.8333333333333334,0.8551587301587301,6,6,0.07394832922332838,0.024546640763266875,0.0494016884600615,0.0,0.0,0.016286784049372185,0.1254467600955647,0.10915997604619253,0
atom_gaussian__g32__o4__s2__mgapsoft__f12,af3_mixed_200,0.5463,0.586054144233417,100,100,0.04533862118322734,0.041941338959842686,0.0033972822233846525,0.0,0.0,0.008942069695244007,0.1395877439612789,0.1306456742660349,1
atom_gaussian__g32__o4__s2__mgapsoft__f12,human_af3_hard_low_sc_pos_high_sc_neg,0.8611111111111112,0.8773809523809524,6,6,0.08036162830972877,0.04167183040608618,0.038689797903642596,0.0,0.0,0.02890381459660635,0.1260524470027776,0.09714863240617125,0
atom_gaussian__g32__o4__s2__mgapsoft__w2__f12,af3_mixed_200,0.546,0.5846744578671546,100,100,0.049597358906271705,0.04589689141766218,0.003700467488609527,0.0,0.0,0.011946000540025495,0.15864201725835025,0.14669601671832477,1
atom_gaussian__g32__o4__s2__mgapsoft__w2__f12,human_af3_hard_low_sc_pos_high_sc_neg,0.8611111111111112,0.8773809523809524,6,6,0.0866716823281104,0.04445652215264907,0.04221516017546133,0.0,0.0,0.032061285921521424,0.1423166005924801,0.11025531467095868,0
atom_gaussian__g32__o5__s1.5__mgapband__f12,af3_mixed_200,0.6163,0.6216065978178738,100,100,0.023734324366301775,0.019990789066994162,0.0037435352993076126,0.0,0.0,0.0034944066473472737,0.14859998255410145,0.1451055759067542,1
atom_gaussian__g32__o5__s1.5__mgapband__f12,human_af3_hard_low_sc_pos_high_sc_neg,0.9166666666666666,0.9150793650793649,6,6,0.06797770167797917,0.01426389632732488,0.053713805350654294,0.0,0.0,0.009179829419108823,0.1274487320472729,0.11826890262816407,0
atom_gaussian__g32__o6__s1.5__mgapband__f12,af3_mixed_200,0.6173,0.6249461484511277,100,100,0.03376350401458184,0.028786092079467737,0.004977411935114105,0.0,0.0,0.005047668256727533,0.2563575582519692,0.2513098899952417,1
atom_gaussian__g32__o6__s1.5__mgapband__f12,human_af3_hard_low_sc_pos_high_sc_neg,0.9166666666666666,0.9150793650793649,6,6,0.10547411825119257,0.021046745125412256,0.08442737312578032,0.0,0.0,0.014273077162336691,0.2563575582519692,0.24208448108963251,0
atom_gaussian__g32__o6__s1.5__mgapcontact__cs0.03__f12,af3_mixed_200,0.5984,0.5703796857489928,100,100,0.32994945332684994,0.29327460455870674,0.0366748487681432,0.0,0.0,0.0,0.56774279904615,0.56774279904615,0
atom_gaussian__g32__o6__s1.5__mgapcontact__cs0.03__f12,human_af3_hard_low_sc_pos_high_sc_neg,0.75,0.7329365079365079,6,6,0.3876576843431634,0.15593580626427844,0.23172187807888495,0.0,0.0,0.0,0.5129757475510743,0.5129757475510743,0
atom_gaussian__g32__o6__s1.5__mgapcontact__cs0.07__f12,af3_mixed_200,0.619,0.591092786027913,100,100,0.20737061661209116,0.1793450400602418,0.028025576551849368,0.0,0.0,0.0,0.5157401336788259,0.5157401336788259,0
atom_gaussian__g32__o6__s1.5__mgapcontact__cs0.07__f12,human_af3_hard_low_sc_pos_high_sc_neg,0.9444444444444444,0.9583333333333334,6,6,0.2857700220983076,0.07930861740764501,0.2064614046906626,0.0,0.0,0.0,0.5086848611840895,0.5086848611840895,0
atom_gaussian__g32__o6__s1.5__mgapexcess__f12,af3_mixed_200,0.6248,0.6229160792464965,100,100,0.020246305614423664,0.015109951229114252,0.005136354385309412,0.0,0.0,0.0,0.2563161572127234,0.2563161572127234,1
atom_gaussian__g32__o6__s1.5__mgapexcess__f12,human_af3_hard_low_sc_pos_high_sc_neg,0.9444444444444444,0.9583333333333334,6,6,0.10159087470972214,0.006389237477712235,0.0952016372320099,0.0,0.0,0.0,0.2563161572127234,0.2563161572127234,0
atom_gaussian__g32__o6__s1.5__mgapsoft__f12,af3_mixed_200,0.6184,0.6254467449359219,100,100,0.033997576701694815,0.029149184289440785,0.0048483924122540295,0.0,0.0,0.005338581918667642,0.2577388750099229,0.2524002930912552,1
atom_gaussian__g32__o6__s1.5__mgapsoft__f12,human_af3_hard_low_sc_pos_high_sc_neg,0.9444444444444444,0.9484126984126983,6,6,0.10623487861858341,0.021161789418955405,0.085073089199628,0.0,0.0,0.01452010490648101,0.2577388750099229,0.24321877010344187,0
atom_gaussian__g32__o6__s1.5__mgapsoft__w2__f12,af3_mixed_200,0.625,0.6276029594742644,100,100,0.03611068140719314,0.03088211451951375,0.005228566887679389,0.0,0.0,0.00658912294306041,0.2847211971378407,0.2781320741947803,1
atom_gaussian__g32__o6__s1.5__mgapsoft__w2__f12,human_af3_hard_low_sc_pos_high_sc_neg,0.9444444444444444,0.9484126984126983,6,6,0.11326901530828122,0.022248533132527178,0.09102048217575404,0.0,0.0,0.015960089483292986,0.2847211971378407,0.26876110765454775,0
atom_gaussian__g32__o6__s1__mgapexcess__f12,af3_mixed_200,0.6235,0.6510315327710425,100,100,0.011408999628025416,9.393317206291446e-05,0.0113150664559625,0.0,0.0,0.0,0.2563161572127234,0.2563161572127234,0
atom_gaussian__g32__o6__s1__mgapexcess__f12,human_af3_hard_low_sc_pos_high_sc_neg,0.9027777777777778,0.9761904761904762,6,6,0.09328885353812742,0.0,0.09328885353812742,0.0,0.0,0.0,0.2563161572127234,0.2563161572127234,0
atom_gaussian__g32__o6__s1__mgapsoft__f12,af3_mixed_200,0.6483,0.6335857491981194,100,100,0.01881534415132846,0.007987342440381772,0.010828001710946689,0.0,0.0,0.0005963632427562588,0.2577388750099229,0.2571425117671666,0
atom_gaussian__g32__o6__s1__mgapsoft__f12,human_af3_hard_low_sc_pos_high_sc_neg,0.9166666666666666,0.9150793650793649,6,6,0.09638882100525759,0.0022741982230705697,0.09411462278218702,0.0,0.0,0.0015678485075400258,0.2577388750099229,0.2561710265023828,0
atom_gaussian__g32__o6__s1__mgapsoft__w2__f12,af3_mixed_200,0.6492,0.6333530233287653,100,100,0.020637039235045597,0.008548002471761823,0.012089036763283774,0.0,0.0,0.0006935589970448387,0.2847211971378407,0.2840276381407959,0
atom_gaussian__g32__o6__s1__mgapsoft__w2__f12,human_af3_hard_low_sc_pos_high_sc_neg,0.9166666666666666,0.9150793650793649,6,6,0.10158326946969327,0.0024375034174711424,0.09914576605222213,0.0,0.0,0.0016592519309709204,0.2847211971378407,0.2830619452068698,0
atom_gaussian__g32__o6__s2__mgapcontact__cs0.03__f12,af3_mixed_200,0.45,0.4923663065969104,100,100,0.4482391350218019,0.48551795081361787,-0.03727881579181597,0.0,0.0,0.23737255371668614,0.71519107525372,0.4778185215370339,1
atom_gaussian__g32__o6__s2__mgapcontact__cs0.03__f12,human_af3_hard_low_sc_pos_high_sc_neg,0.3611111111111111,0.472053872053872,6,6,0.47722985306414123,0.5036272206621575,-0.026397367598016253,0.0,0.0,0.2944492576633261,0.6242379869436906,0.3297887292803645,1
atom_gaussian__g32__o6__s2__mgapcontact__cs0.07__f12,af3_mixed_200,0.5267,0.5278773154212469,100,100,0.37389563686195704,0.36274132272914233,0.011154314132814702,0.0,0.0,0.16171599684107127,0.5853721256885279,0.4236561288474566,0
atom_gaussian__g32__o6__s2__mgapcontact__cs0.07__f12,human_af3_hard_low_sc_pos_high_sc_neg,0.6388888888888888,0.5968253968253968,6,6,0.3953338590820607,0.35042875225542924,0.04490510682663146,0.0,0.0,0.266353604089777,0.5241120671290881,0.2577584630393111,0
atom_gaussian__g32__o6__s2__mgapexcess__f12,af3_mixed_200,0.6085,0.6092451456851005,100,100,0.05051179655854572,0.04551946186488516,0.004992334693660561,0.0,0.0,0.016137997687187468,0.2563161572127234,0.24017815952553592,1
atom_gaussian__g32__o6__s2__mgapexcess__f12,human_af3_hard_low_sc_pos_high_sc_neg,0.8333333333333334,0.8551587301587301,6,6,0.11827429270929016,0.039150653776022185,0.07912363893326797,0.0,0.0,0.024017049749111237,0.2563161572127234,0.23229910746361215,0
atom_gaussian__g32__o6__s2__mgapsoft__f12,af3_mixed_200,0.5566,0.5848081256234142,100,100,0.06751682934992742,0.06445612569822555,0.003060703651701871,0.0,0.0,0.019614614070127608,0.2577388750099229,0.23812426093979527,1
atom_gaussian__g32__o6__s2__mgapsoft__f12,human_af3_hard_low_sc_pos_high_sc_neg,0.8333333333333334,0.8551587301587301,6,6,0.12449160723851913,0.061128974631100515,0.06336263260741862,0.0,0.0,0.04635034868888143,0.2577388750099229,0.21138852632104144,0
atom_gaussian__g32__o6__s2__mgapsoft__w2__f12,af3_mixed_200,0.57,0.591047609455836,100,100,0.07155900783201902,0.06950419313793785,0.0020548146940811696,0.0,0.0,0.02412363004313851,0.2847211971378407,0.2605975670947022,1
atom_gaussian__g32__o6__s2__mgapsoft__w2__f12,human_af3_hard_low_sc_pos_high_sc_neg,0.8611111111111112,0.8773809523809524,6,6,0.1333498088855563,0.06355594155639434,0.06979386732916197,0.0,0.0,0.05003608431870218,0.2847211971378407,0.23468511281913854,0
atom_gaussian__g32__o8__s1.5__mgapband__f12,af3_mixed_200,0.6348,0.6315177662752286,100,100,0.04328553359328731,0.036839331709421094,0.006446201883866215,0.0,0.0,0.008754603926370686,0.4299397648994004,0.4211851609730297,1
atom_gaussian__g32__o8__s1.5__mgapband__f12,human_af3_hard_low_sc_pos_high_sc_neg,0.9444444444444444,0.9484126984126983,6,6,0.143012166124954,0.026911203268477263,0.11610096285647672,0.0,0.0,0.02027017053270073,0.4299397648994004,0.40966959436669964,0
interface_sc,af3_mixed_200,0.16,0.33624740899590494,100,100,0.06949928722634786,0.09949196587490197,-0.029992678648554108,0.0,0.0,0.04246736971886853,0.11963903631303369,0.07717166659416516,1
interface_sc,human_af3_hard_low_sc_pos_high_sc_neg,0.0,0.3467893217893218,6,6,0.058512645739456415,0.10917320638373276,-0.05066056064427635,0.0,0.0,0.04246736971886853,0.11230402995081921,0.06983666023195068,1
