candidate_id,method,organism,backend,label,n,q25,median,q75,mean
atom_gaussian__g32__o0__s1.5__moverlap__f12,"Atom Gap overlap (new, shared grid)",arabidopsis,af2,negative,178,0.08747254312038422,0.1342620849609375,0.20044008642435074,0.15531738532518738
atom_gaussian__g32__o0__s1.5__moverlap__f12,"Atom Gap overlap (new, shared grid)",arabidopsis,af2,positive,180,0.06617241352796555,0.09731896594166756,0.18734294921159744,0.13905245113290018
atom_gaussian__g32__o0__s1.5__moverlap__f12,"Atom Gap overlap (new, shared grid)",arabidopsis,af3,negative,180,0.04684077575802803,0.05509836971759796,0.07595265656709671,0.07055089017376304
atom_gaussian__g32__o0__s1.5__moverlap__f12,"Atom Gap overlap (new, shared grid)",arabidopsis,af3,positive,182,0.055628796108067036,0.06463778018951416,0.09132392518222332,0.09030012962418599
atom_gaussian__g32__o0__s1.5__moverlap__f12,"Atom Gap overlap (new, shared grid)",ecoli,af2,negative,89,0.056826185435056686,0.08447017520666122,0.1556774228811264,0.11520255840477649
atom_gaussian__g32__o0__s1.5__moverlap__f12,"Atom Gap overlap (new, shared grid)",ecoli,af2,positive,97,0.056316979229450226,0.06528611481189728,0.07875075191259384,0.08370154685119993
atom_gaussian__g32__o0__s1.5__moverlap__f12,"Atom Gap overlap (new, shared grid)",ecoli,af3,negative,93,0.04108382761478424,0.0496554896235466,0.059761080890893936,0.055827602378583405
atom_gaussian__g32__o0__s1.5__moverlap__f12,"Atom Gap overlap (new, shared grid)",ecoli,af3,positive,96,0.05380283109843731,0.060584044083952904,0.06797528453171253,0.0655365102769186
atom_gaussian__g32__o0__s1.5__moverlap__f12,"Atom Gap overlap (new, shared grid)",human,af2,negative,1127,0.09008566290140152,0.14364269375801086,0.2239830493927002,0.16895006461764794
atom_gaussian__g32__o0__s1.5__moverlap__f12,"Atom Gap overlap (new, shared grid)",human,af2,positive,1140,0.06832773797214031,0.12249095365405083,0.24486292153596878,0.16849031388563546
atom_gaussian__g32__o0__s1.5__moverlap__f12,"Atom Gap overlap (new, shared grid)",human,af3,negative,852,0.047999197617173195,0.05913967452943325,0.09527153894305229,0.0915379671253124
atom_gaussian__g32__o0__s1.5__moverlap__f12,"Atom Gap overlap (new, shared grid)",human,af3,positive,1100,0.05770818516612053,0.07028084248304367,0.14904899150133133,0.12352267268198458
atom_gaussian__g32__o0__s1.5__moverlap__f12,"Atom Gap overlap (new, shared grid)",yeast,af2,negative,508,0.07713067717850208,0.11443191766738892,0.19152960553765297,0.14230925718865056
atom_gaussian__g32__o0__s1.5__moverlap__f12,"Atom Gap overlap (new, shared grid)",yeast,af2,positive,514,0.06415270455181599,0.09855463355779648,0.20217324793338776,0.14646686280167984
atom_gaussian__g32__o0__s1.5__moverlap__f12,"Atom Gap overlap (new, shared grid)",yeast,af3,negative,495,0.045860910788178444,0.05512816831469536,0.07612050324678421,0.07659654857007542
atom_gaussian__g32__o0__s1.5__moverlap__f12,"Atom Gap overlap (new, shared grid)",yeast,af3,positive,514,0.05575377680361271,0.06774164736270905,0.11919824033975601,0.10562351921116679
atom_gaussian__g32__o10__s1.5__f12,"Atom Zernike cosine (old, per-side)",arabidopsis,af2,negative,178,0.9337643317671521,0.9603803962663897,0.9820899094372568,0.9459531770387668
atom_gaussian__g32__o10__s1.5__f12,"Atom Zernike cosine (old, per-side)",arabidopsis,af2,positive,180,0.947633375478389,0.967995089068335,0.9854185568488033,0.9603978398240188
atom_gaussian__g32__o10__s1.5__f12,"Atom Zernike cosine (old, per-side)",arabidopsis,af3,negative,180,0.926286391319018,0.9608989499494662,0.9786410629889977,0.9459104500582795
atom_gaussian__g32__o10__s1.5__f12,"Atom Zernike cosine (old, per-side)",arabidopsis,af3,positive,182,0.9448637902401629,0.969522041976745,0.9871083336656852,0.9574619140570567
atom_gaussian__g32__o10__s1.5__f12,"Atom Zernike cosine (old, per-side)",ecoli,af2,negative,89,0.9419503714043452,0.968356557206561,0.9825312185201669,0.9524274159167878
atom_gaussian__g32__o10__s1.5__f12,"Atom Zernike cosine (old, per-side)",ecoli,af2,positive,97,0.9416186432562305,0.9707530067396323,0.9862598521983118,0.9587976488132405
atom_gaussian__g32__o10__s1.5__f12,"Atom Zernike cosine (old, per-side)",ecoli,af3,negative,93,0.9463918716659429,0.9702155041475125,0.9814807501926651,0.958345669762973
atom_gaussian__g32__o10__s1.5__f12,"Atom Zernike cosine (old, per-side)",ecoli,af3,positive,96,0.9457210979500421,0.9707167221006017,0.9861653248834803,0.9576481850097688
atom_gaussian__g32__o10__s1.5__f12,"Atom Zernike cosine (old, per-side)",human,af2,negative,1127,0.9330313106611972,0.9630614813483164,0.9818580880258916,0.9492419583674527
atom_gaussian__g32__o10__s1.5__f12,"Atom Zernike cosine (old, per-side)",human,af2,positive,1140,0.9386506506254836,0.9687441685241486,0.9873209457286223,0.9560430908640108
atom_gaussian__g32__o10__s1.5__f12,"Atom Zernike cosine (old, per-side)",human,af3,negative,852,0.9233741697509346,0.9568861066658774,0.9780913201663006,0.9432489245848046
atom_gaussian__g32__o10__s1.5__f12,"Atom Zernike cosine (old, per-side)",human,af3,positive,1100,0.9382644385146295,0.9660544369534256,0.984629444009735,0.9541210456015456
atom_gaussian__g32__o10__s1.5__f12,"Atom Zernike cosine (old, per-side)",yeast,af2,negative,508,0.9272244630201476,0.9611441630627462,0.9815579999791599,0.9448575849375933
atom_gaussian__g32__o10__s1.5__f12,"Atom Zernike cosine (old, per-side)",yeast,af2,positive,514,0.9468607469862045,0.9707854374714691,0.9863482100105797,0.9592864836224299
atom_gaussian__g32__o10__s1.5__f12,"Atom Zernike cosine (old, per-side)",yeast,af3,negative,495,0.9283905956897069,0.9624673232526385,0.9813395076157337,0.9499234782668717
atom_gaussian__g32__o10__s1.5__f12,"Atom Zernike cosine (old, per-side)",yeast,af3,positive,514,0.94335562308741,0.9690118346747074,0.9858220708571772,0.9571520315247888
interface_sc,SC baseline,arabidopsis,af2,negative,178,0.028981866678241097,0.04530646852853426,0.058515262749617956,0.04230214736819716
interface_sc,SC baseline,arabidopsis,af2,positive,180,0.053146978259526245,0.07667010023839783,0.0876130518096768,0.06968730074334975
interface_sc,SC baseline,arabidopsis,af3,negative,180,0.07904424543578184,0.0861188496709872,0.09095879544408617,0.084666241792309
interface_sc,SC baseline,arabidopsis,af3,positive,182,0.08369101220860184,0.08892454679599446,0.09412612072398227,0.08844658357585607
interface_sc,SC baseline,ecoli,af2,negative,89,0.03335364459542722,0.05114740366954995,0.0688875128887712,0.04796319916607701
interface_sc,SC baseline,ecoli,af2,positive,97,0.06881321344017285,0.0843536325724115,0.0900400590845355,0.07725569630458151
interface_sc,SC baseline,ecoli,af3,negative,93,0.07632293426338801,0.08259672602005459,0.08920893794408997,0.08218337129220248
interface_sc,SC baseline,ecoli,af3,positive,96,0.08148827378849108,0.08734378312367269,0.09092123513679362,0.08596111461637838
interface_sc,SC baseline,human,af2,negative,1127,0.026879530491600898,0.043902987642403954,0.06040758753062539,0.04264532081460623
interface_sc,SC baseline,human,af2,positive,1140,0.04741178514379121,0.07095053610607469,0.08524472941640016,0.06467381221292463
interface_sc,SC baseline,human,af3,negative,852,0.07799981708454262,0.0840744671338019,0.08933587699635752,0.08320985484440106
interface_sc,SC baseline,human,af3,positive,1100,0.08218280059995621,0.08781392375680987,0.09263933340156938,0.08707834052690969
interface_sc,SC baseline,yeast,af2,negative,508,0.03180748728467323,0.049052088976439395,0.0632281457745761,0.045842424143155903
interface_sc,SC baseline,yeast,af2,positive,514,0.05731143930983283,0.0797648718178898,0.08895860523693994,0.07167926704121759
interface_sc,SC baseline,yeast,af3,negative,495,0.07747273170699848,0.0835340103437347,0.08909506003132228,0.0829689121981161
interface_sc,SC baseline,yeast,af3,positive,514,0.08298005368318806,0.08842406354558291,0.0931328749073185,0.08749247801741115
